Año,Trimestre,Total,Provincia,Accesos por cada 100 hab,Población,KPI Penetración,Incremento (%),Cumple Incremento
2014,1,6398398,Buenos Aires,16.692346018019,38331328.58073442,16.692346018019,0.0,False
2014,2,6464468,Buenos Aires,16.7949254349917,38490602.563387886,16.794925434991704,0.6145296584552762,False
2014,3,6595271,Buenos Aires,17.262998432341,38204666.62178587,17.262998432340996,2.786990625001984,False
2014,4,6598496,Buenos Aires,17.0147634301905,38781003.49189588,17.0147634301905,-1.4379599414516941,False
2015,1,6737732,Buenos Aires,17.241393436944,39078813.58105733,17.241393436944,1.3319609625096263,False
2015,2,6816188,Buenos Aires,17.325662544573,39341571.974314295,17.325662544573,0.48876042378587226,False
2015,3,6935068,Buenos Aires,17.5478839831824,39520822.03555969,17.5478839831824,1.2826143764355313,False
2015,4,6984831,Buenos Aires,17.6833488562859,39499480.87755506,17.6833488562859,0.7719726961571416,False
2016,1,6907356,Buenos Aires,17.5350792164395,39391644.11372725,17.5350792164395,-0.8384703658305903,False
2016,2,7130079,Buenos Aires,18.0986845682896,39395564.76105723,18.0986845682896,3.214159142900863,True
2016,3,7206950,Buenos Aires,18.2953085979519,39392339.08744668,18.2953085979519,1.0863995608100918,False
2016,4,7251673,Buenos Aires,18.5786407358338,39032311.90650691,18.5786407358338,1.5486600642178772,False
2017,1,7305854,Buenos Aires,18.8048550310117,38850892.43151131,18.8048550310117,1.2176041207448973,False
2017,2,7429664,Buenos Aires,18.1041564810005,41038443.34198668,18.1041564810005,-3.7261576803206187,False
2017,3,7724943,Buenos Aires,17.9358709735921,43069795.78172607,17.935870973592095,-0.9295407249987786,False
2017,4,7870222,Buenos Aires,18.6146492483549,42279722.24991316,18.6146492483549,3.784473448555725,True
2018,1,8037053,Buenos Aires,20.2796529105795,39631117.137153886,20.2796529105795,8.944587888873311,True
2018,2,8110444,Buenos Aires,20.3745823244351,39806676.13624255,20.3745823244351,0.46810176818201654,False
2018,3,8347035,Buenos Aires,20.9590874010485,39825374.26501896,20.9590874010485,2.868795380960565,False
2018,4,8473655,Buenos Aires,21.0588338233985,40238006.867146224,21.058833823398498,0.4759101407488142,False
2019,1,8648135,Buenos Aires,21.6417378514192,39960446.14981269,21.6417378514192,2.767978668282378,False
2019,2,8960181,Buenos Aires,22.2157894842981,40332489.67511584,22.215789484298096,2.652520961209448,False
2019,3,9164684,Buenos Aires,22.7617336155622,40263558.80790251,22.7617336155622,2.4574599595029945,False
2019,4,8793181,Buenos Aires,21.1350893819089,41604654.89929151,21.1350893819089,-7.146398693204814,False
2020,1,8812426,Buenos Aires,21.2080810142128,41552208.30255348,21.2080810142128,0.34535757566456216,False
2020,2,9031056,Buenos Aires,21.5528584048363,41901894.54394364,21.552858404836297,1.6256887664303,False
2020,3,9356199,Buenos Aires,22.4100880534403,41749943.05104337,22.4100880534403,3.977336242378171,True
2020,4,9571562,Buenos Aires,22.9015115325469,41794455.297840066,22.901511532546895,2.1928672387842463,False
2021,1,9647972,Buenos Aires,22.998353975762,41950706.60347263,22.998353975762004,0.4228648536035662,False
2021,2,9863084,Buenos Aires,23.352473727873,42235713.93307099,23.352473727873004,1.5397612911089542,False
2021,3,10085541,Buenos Aires,23.9698919039995,42075871.849539615,23.9698919039995,2.6439090921213992,False
2021,4,10489794,Buenos Aires,25.3625141144029,41359440.758450046,25.362514114402902,5.809881062379918,True
2022,1,10624009,Buenos Aires,25.5630301520284,41560053.47103577,25.5630301520284,0.790600004088815,False
2022,2,10958684,Buenos Aires,26.1292712783274,41940258.81268852,26.129271278327405,2.2150782709696726,False
2022,3,11091128,Buenos Aires,26.37,42059643.534319304,26.369999999999997,0.9212990255578202,False
2022,4,11208114,Buenos Aires,26.72,41946534.431137726,26.72,1.3272658323852937,False
2023,1,11241895,Buenos Aires,26.81,41931723.23759791,26.810000000000002,0.33682634730540784,False
2023,2,11251897,Buenos Aires,27.1,41519915.12915129,27.1,1.0816859380827992,False
2023,3,11406908,Buenos Aires,27.5,41479665.45454545,27.500000000000004,1.4760147601476037,False
2023,4,11547661,Buenos Aires,27.68,41718428.4682081,27.68,0.654545454545441,False
2024,1,11633156,Buenos Aires,27.8,41845884.89208633,27.800000000000004,0.43352601156070314,False
2024,2,11556107,Buenos Aires,27.43,42129445.86219468,27.43,-1.3309352517985817,False
2014,1,6398398,Capital Federal,42.6550716305864,15000321.779818421,42.6550716305864,0.0,False
2014,2,6464468,Capital Federal,42.9747769614274,15042470.158256484,42.9747769614274,0.749513055820894,False
2014,3,6595271,Capital Federal,43.2063995929272,15264569.744616335,43.2063995929272,0.538973434830603,False
2014,4,6598496,Capital Federal,43.6046206766365,15132561.406583903,43.6046206766365,0.9216715288965949,False
2015,1,6737732,Capital Federal,43.658724990074,15432727.367855687,43.658724990074,0.12407931223328283,False
2015,2,6816188,Capital Federal,44.0848542837935,15461518.725050593,44.0848542837935,0.9760461255255981,False
2015,3,6935068,Capital Federal,44.9110922281475,15441770.965555647,44.9110922281475,1.874199104833485,False
2015,4,6984831,Capital Federal,44.8329837809894,15579670.169001307,44.8329837809894,-0.17391794161075724,False
2016,1,6907356,Capital Federal,43.7577841271835,15785433.695462123,43.7577841271835,-2.398233539525918,False
2016,2,7130079,Capital Federal,45.5937571210413,15638279.120255923,45.5937571210413,4.195763177864498,True
2016,3,7206950,Capital Federal,45.854720267722,15716920.652710006,45.854720267722,0.572365962269572,False
2016,4,7251673,Capital Federal,45.7837382772723,15838970.937853351,45.7837382772723,-0.15479756508223197,False
2017,1,7305854,Capital Federal,45.687714654171,15990850.17777973,45.687714654171,-0.20973303341846883,False
2017,2,7429664,Capital Federal,52.236738675121,14223062.519671723,52.23673867512101,14.334321754813617,True
2017,3,7724943,Capital Federal,51.2444496511116,15074692.093668392,51.2444496511116,-1.8995998777427747,False
2017,4,7870222,Capital Federal,51.6167209151056,15247427.307411121,51.61672091510561,0.7264616295590054,False
2018,1,8037053,Capital Federal,44.5629613204179,18035275.847607497,44.5629613204179,-13.665648397714147,False
2018,2,8110444,Capital Federal,44.632577746788,18171578.719948955,44.632577746787994,0.15622037743303618,False
2018,3,8347035,Capital Federal,45.3770920456075,18394821.315589335,45.37709204560749,1.6680961226199331,False
2018,4,8473655,Capital Federal,45.2493139403669,18726593.31623734,45.2493139403669,-0.2815916566715204,False
2019,1,8648135,Capital Federal,45.5791838994366,18973869.780294374,45.5791838994366,0.7290054375286736,False
2019,2,8960181,Capital Federal,46.0859257928109,19442336.99520848,46.0859257928109,1.1117836038757156,False
2019,3,9164684,Capital Federal,46.9047708934881,19538916.45865038,46.9047708934881,1.7767791068329597,False
2019,4,8793181,Capital Federal,44.1870536086124,19899903.437522117,44.1870536086124,-5.794116958906203,False
2020,1,8812426,Capital Federal,44.0240824345247,20017284.887439452,44.0240824345247,-0.36882109300887533,False
2020,2,9031056,Capital Federal,44.151826868205,20454546.596583806,44.151826868205,0.29016944048814164,False
2020,3,9356199,Capital Federal,44.6227428971926,20967332.782648455,44.6227428971926,1.0665833384274404,False
2020,4,9571562,Capital Federal,44.8339684267828,21348906.500728507,44.8339684267828,0.47335846224614286,False
2021,1,9647972,Capital Federal,44.8269901646418,21522685.24958884,44.82699016464179,-0.015564676484991491,False
2021,2,9863084,Capital Federal,45.4871904812949,21683212.12112642,45.4871904812949,1.4727741350206935,False
2021,3,10085541,Capital Federal,45.9003834652686,21972672.641463697,45.900383465268604,0.908372180391348,False
2021,4,10489794,Capital Federal,45.8485107145629,22879246.973376863,45.848510714562906,-0.11301158463076222,False
2022,1,10624009,Capital Federal,46.0143476214435,23088470.33408559,46.0143476214435,0.3617062022211348,False
2022,2,10958684,Capital Federal,49.8735612562611,21972932.599883776,49.8735612562611,8.386978919199418,True
2022,3,11091128,Capital Federal,50.22,22085081.640780568,50.22,0.6946340606375001,False
2022,4,11208114,Capital Federal,50.35,22260405.163853027,50.35000000000001,0.25886101154919405,False
2023,1,11241895,Capital Federal,50.23,22380838.14453514,50.23,-0.2383316782522571,False
2023,2,11251897,Capital Federal,47.27,23803463.084408715,47.27,-5.892892693609387,False
2023,3,11406908,Capital Federal,47.6,23964092.43697479,47.599999999999994,0.6981171990691593,False
2023,4,11547661,Capital Federal,47.8,24158286.61087866,47.8,0.42016806722688926,False
2024,1,11633156,Capital Federal,48.78,23848208.28208282,48.78000000000001,2.0502092050209475,False
2024,2,11556107,Capital Federal,47.44,24359416.104553122,47.43999999999999,-2.7470274702747433,False
2014,1,6398398,Catamarca,6.1846145207766,103456698.52996036,6.1846145207765995,0.0,False
2014,2,6464468,Catamarca,6.28435543538314,102866046.74845032,6.284355435383141,1.6127264564585575,False
2014,3,6595271,Catamarca,6.26989025279194,105189576.43737338,6.269890252791939,-0.23017766483668378,False
2014,4,6598496,Catamarca,6.45925498005949,102155682.35609779,6.459254980059489,3.020223953413348,True
2015,1,6737732,Catamarca,6.40301699079434,105227457.7700931,6.40301699079434,-0.8706575207011125,False
2015,2,6816188,Catamarca,6.47514486431421,105266957.6176642,6.47514486431421,1.1264670017832046,False
2015,3,6935068,Catamarca,6.56384739614516,105655533.73579118,6.56384739614516,1.369892623094926,False
2015,4,6984831,Catamarca,6.64339437499843,105139490.53343156,6.64339437499843,1.211895616281189,False
2016,1,6907356,Catamarca,6.60687952691047,104547933.28477779,6.60687952691047,-0.5496414336830457,False
2016,2,7130079,Catamarca,6.6329805701326,107494344.73102131,6.632980570132601,0.395058561546624,False
2016,3,7206950,Catamarca,6.72059087375157,107236850.6785317,6.720590873751569,1.320828588183498,False
2016,4,7251673,Catamarca,6.7208130408733,107898746.11744475,6.7208130408733,0.003305767690719996,False
2017,1,7305854,Catamarca,6.52734131816727,111926949.18014978,6.527341318167271,-2.8786952044255854,False
2017,2,7429664,Catamarca,6.60818568741958,112431223.20464331,6.60818568741958,1.2385497450132954,False
2017,3,7724943,Catamarca,8.26509123497419,93464703.29706074,8.26509123497419,25.073531918283788,True
2017,4,7870222,Catamarca,7.28060041922938,108098529.61046074,7.28060041922938,-11.911433131904003,False
2018,1,8037053,Catamarca,8.34209853727587,96343299.75949334,8.34209853727587,14.579815632277837,True
2018,2,8110444,Catamarca,8.35838388395506,97033638.47129573,8.35838388395506,0.19521882421336123,False
2018,3,8347035,Catamarca,8.37304655008758,99689341.86700173,8.37304655008758,0.17542465548472386,False
2018,4,8473655,Catamarca,8.19733354162497,103370870.01488847,8.19733354162497,-2.0985552559811382,False
2019,1,8648135,Catamarca,8.18850462737457,105613117.33388858,8.18850462737457,-0.10770470916630082,False
2019,2,8960181,Catamarca,8.17339703245058,109626156.22886881,8.17339703245058,-0.1844976050142777,False
2019,3,9164684,Catamarca,7.85595476521849,116659072.9439506,7.85595476521849,-3.8838473889346026,False
2019,4,8793181,Catamarca,9.26886507149251,94867936.17316177,9.26886507149251,17.985214381955817,True
2020,1,8812426,Catamarca,9.56828644748246,92100357.2412766,9.56828644748246,3.230399554642971,True
2020,2,9031056,Catamarca,11.5566668352857,78145854.06603302,11.5566668352857,20.780945456815925,True
2020,3,9356199,Catamarca,11.9952888012884,77998947.37836626,11.9952888012884,3.7954020156007795,True
2020,4,9571562,Catamarca,12.5674593085451,76161471.98099083,12.5674593085451,4.769960246353078,True
2021,1,9647972,Catamarca,12.4382789182565,77566776.42787878,12.4382789182565,-1.0278958309478226,False
2021,2,9863084,Catamarca,13.3137486714673,74081945.23859069,13.313748671467298,7.038511991605301,True
2021,3,10085541,Catamarca,13.4074723766124,75223283.827852,13.4074723766124,0.7039618026285943,False
2021,4,10489794,Catamarca,14.0542237592254,74638017.57898116,14.054223759225398,4.823812904072589,True
2022,1,10624009,Catamarca,14.8056195749953,71756598.54142493,14.8056195749953,5.346405668805976,True
2022,2,10958684,Catamarca,15.8717901952471,69045040.69920003,15.8717901952471,7.201121269199828,True
2022,3,11091128,Catamarca,16.62,66733622.14199759,16.62,4.714085780802213,True
2022,4,11208114,Catamarca,16.73,66994106.39569635,16.73,0.6618531889289958,False
2023,1,11241895,Catamarca,16.83,66796761.73499704,16.83,0.5977286312014218,False
2023,2,11251897,Catamarca,17.15,65608728.862973765,17.15,1.9013666072489555,False
2023,3,11406908,Catamarca,17.44,65406582.56880734,17.44,1.6909620991253815,False
2023,4,11547661,Catamarca,17.46,66137806.414662085,17.46,0.11467889908256534,False
2024,1,11633156,Catamarca,17.5,66475177.14285715,17.5,0.22909507445589838,False
2024,2,11556107,Catamarca,17.5,66034897.14285715,17.5,0.0,False
2014,1,6398398,Chaco,5.55367146370263,115210236.00006385,5.55367146370263,0.0,False
2014,2,6464468,Chaco,5.60212756727661,115393088.11460364,5.60212756727661,0.8725057629115573,False
2014,3,6595271,Chaco,5.62775722230021,117191817.974414,5.62775722230021,0.45749859702068907,False
2014,4,6598496,Chaco,5.81368220415458,113499427.18376617,5.8136822041545795,3.303713620012494,True
2015,1,6737732,Chaco,7.14308917535775,94325183.88883968,7.14308917535775,22.866866892950366,True
2015,2,6816188,Chaco,7.34122953862533,92848043.56187388,7.341229538625331,2.7738749776654803,False
2015,3,6935068,Chaco,7.4540202988244,93037954.31163172,7.4540202988244,1.536401492496986,False
2015,4,6984831,Chaco,7.53670916277073,92677465.04672283,7.53670916277073,1.10931900680995,False
2016,1,6907356,Chaco,7.52473407557994,91795350.24920653,7.52473407557994,-0.15889013271128682,False
2016,2,7130079,Chaco,7.64289673329407,93290270.0220961,7.64289673329407,1.5703233699328134,False
2016,3,7206950,Chaco,7.7068778032764,93513225.2510366,7.706877803276399,0.8371311587086261,False
2016,4,7251673,Chaco,7.65324009589054,94752979.24984525,7.65324009589054,-0.6959719455141178,False
2017,1,7305854,Chaco,7.65022534015797,95498546.44999439,7.650225340157971,-0.03939188755084366,False
2017,2,7429664,Chaco,7.76358719866201,95698854.27808991,7.76358719866201,1.481810710973086,False
2017,3,7724943,Chaco,8.01210373802466,96415913.38037944,8.01210373802466,3.2010529798065512,True
2017,4,7870222,Chaco,8.23450197946808,95576174.72949333,8.23450197946808,2.7757783562878613,False
2018,1,8037053,Chaco,8.240328535252,97533162.24732557,8.240328535252,0.07075784058889756,False
2018,2,8110444,Chaco,8.35312361429173,97094744.12809457,8.35312361429173,1.3688177426081305,False
2018,3,8347035,Chaco,8.62858350951374,96737025.15362678,8.62858350951374,3.2976872837211957,True
2018,4,8473655,Chaco,8.7108351925502,97277181.95434298,8.7108351925502,0.9532466475612011,False
2019,1,8648135,Chaco,8.72283500340746,99143627.00454289,8.72283500340746,0.13775729412863758,False
2019,2,8960181,Chaco,9.1250113292671,98193642.46991748,9.1250113292671,4.610614848297989,True
2019,3,9164684,Chaco,9.58066438752926,95658125.88038544,9.58066438752926,4.993451973048213,True
2019,4,8793181,Chaco,9.84506318966921,89315638.00653927,9.84506318966921,2.759712598680575,False
2020,1,8812426,Chaco,10.0183580078063,87962777.86373137,10.0183580078063,1.7602204759735285,False
2020,2,9031056,Chaco,10.6461982789206,84828929.19514216,10.6461982789206,6.2668979350217535,True
2020,3,9356199,Chaco,11.1027673619054,84269071.80008082,11.1027673619054,4.288564528135863,True
2020,4,9571562,Chaco,11.5006461780409,83226297.47775169,11.5006461780409,3.583600404892384,True
2021,1,9647972,Chaco,11.5288964774878,83685129.95878975,11.5288964774878,0.24564097538135599,False
2021,2,9863084,Chaco,11.5800413405394,85173132.89263764,11.5800413405394,0.443623230995871,False
2021,3,10085541,Chaco,11.4821345600996,87836812.46035244,11.4821345600996,-0.8454786780168755,False
2021,4,10489794,Chaco,11.7723994581641,89104978.44791853,11.7723994581641,2.527969834748056,False
2022,1,10624009,Chaco,11.7753420404361,90222508.72643474,11.7753420404361,0.024995603338617833,False
2022,2,10958684,Chaco,11.7025439036955,93643605.10144638,11.7025439036955,-0.6182252412763489,False
2022,3,11091128,Chaco,11.72,94634197.95221841,11.720000000000002,0.14916497172030585,False
2022,4,11208114,Chaco,11.66,96124476.84391081,11.66,-0.5119453924914863,False
2023,1,11241895,Chaco,11.53,97501257.58889852,11.53,-1.1149228130360234,False
2023,2,11251897,Chaco,11.46,98184092.49563698,11.460000000000003,-0.6071118820468069,False
2023,3,11406908,Chaco,11.46,99536719.0226876,11.46,-1.1102230246251565e-14,False
2023,4,11547661,Chaco,11.85,97448616.03375527,11.850000000000001,3.4031413612565453,True
2024,1,11633156,Chaco,12.48,93214391.02564102,12.48,5.316455696202516,True
2024,2,11556107,Chaco,11.78,98099380.30560273,11.78,-5.608974358974372,False
2014,1,6398398,Chubut,12.7035901332393,50366848.52779067,12.7035901332393,0.0,False
2014,2,6464468,Chubut,12.6962893613957,50916199.33975231,12.6962893613957,-0.05747014636829917,False
2014,3,6595271,Chubut,12.3882340714514,53238185.21639623,12.388234071451402,-2.4263411235803223,False
2014,4,6598496,Chubut,12.2235557846192,53981804.609611504,12.2235557846192,-1.3293120382000478,False
2015,1,6737732,Chubut,11.5857987745568,58155092.54999765,11.5857987745568,-5.217442627168145,False
2015,2,6816188,Chubut,11.2156780993502,60773748.49403807,11.2156780993502,-3.1946064523355133,False
2015,3,6935068,Chubut,11.2335781697583,61735164.83527718,11.2335781697583,0.15959864619452535,False
2015,4,6984831,Chubut,11.2055521034806,62333662.23722626,11.2055521034806,-0.2494847666004496,False
2016,1,6907356,Chubut,11.1159314993789,62139245.82376157,11.1159314993789,-0.7997874917190506,False
2016,2,7130079,Chubut,11.0748247879331,64380964.36314539,11.0748247879331,-0.3697999708625166,False
2016,3,7206950,Chubut,11.0411695849893,65273429.09213168,11.0411695849893,-0.30388925864064387,False
2016,4,7251673,Chubut,10.959254911599,66169397.99734935,10.959254911599,-0.7419021396217307,False
2017,1,7305854,Chubut,10.9325033920258,66826908.147395685,10.9325033920258,-0.24409980230395423,False
2017,2,7429664,Chubut,10.8971148834405,68180101.60919093,10.8971148834405,-0.32369995522812944,False
2017,3,7724943,Chubut,14.1673718358536,54526295.275531344,14.1673718358536,30.010300775874697,True
2017,4,7870222,Chubut,15.7758159308052,49887891.913292006,15.775815930805202,11.35315790103768,True
2018,1,8037053,Chubut,16.4663265563409,48809022.2946846,16.4663265563409,4.377020044886226,True
2018,2,8110444,Chubut,16.8304851291441,48189009.03786633,16.8304851291441,2.2115349866116407,False
2018,3,8347035,Chubut,17.2863082293932,48286973.07275196,17.2863082293932,2.7083182496016267,False
2018,4,8473655,Chubut,13.0617297060522,64873911.73064698,13.0617297060522,-24.43887073676978,False
2019,1,8648135,Chubut,13.1803680616707,65613759.49089991,13.1803680616707,0.9082897769927767,False
2019,2,8960181,Chubut,14.4038087278961,62207025.71984774,14.4038087278961,9.28229515671295,True
2019,3,9164684,Chubut,14.580466548719,62855903.61170702,14.580466548719,1.2264660282579554,False
2019,4,8793181,Chubut,15.6771711859264,56089079.43732701,15.677171185926401,7.521738989235249,True
2020,1,8812426,Chubut,15.7151397399492,56076026.9766999,15.7151397399492,0.24219008373707052,False
2020,2,9031056,Chubut,17.5779234120481,51377263.33367692,17.5779234120481,11.853433713755335,True
2020,3,9356199,Chubut,20.9487153048533,44662399.88393178,20.9487153048533,19.176280461518136,True
2020,4,9571562,Chubut,20.9508711746216,45685747.004135616,20.9508711746216,0.010291178895349695,False
2021,1,9647972,Chubut,21.1478383150763,45621551.74565505,21.1478383150763,0.940138187157058,False
2021,2,9863084,Chubut,22.1597817714202,44508940.12286965,22.1597817714202,4.7850917018903205,True
2021,3,10085541,Chubut,24.7383755028802,40768808.76363841,24.7383755028802,11.636367894135358,True
2021,4,10489794,Chubut,25.309325144657,41446359.94853652,25.309325144656995,2.3079512303074257,False
2022,1,10624009,Chubut,26.9887596631044,39364569.29706108,26.9887596631044,6.635635319584754,True
2022,2,10958684,Chubut,25.4999193362706,42975367.31581961,25.499919336270597,-5.516520008398739,False
2022,3,11091128,Chubut,25.86,42889126.06341841,25.86,1.4120855010597344,False
2022,4,11208114,Chubut,26.23,42730133.434998095,26.229999999999997,1.4307811291569994,False
2023,1,11241895,Chubut,26.32,42712367.0212766,26.32,0.3431185665268899,False
2023,2,11251897,Chubut,25.28,44509086.23417721,25.28,-3.951367781155013,False
2023,3,11406908,Chubut,25.82,44178574.74825717,25.82,2.136075949367089,False
2023,4,11547661,Chubut,26.04,44345856.37480799,26.039999999999996,0.8520526723470034,False
2024,1,11633156,Chubut,26.02,44708516.52574942,26.02,-0.07680491551457225,False
2024,2,11556107,Chubut,26.46,43673873.771730915,26.46,1.6910069177555886,False
2014,1,6398398,Corrientes,5.89170828868197,108600047.49881092,5.89170828868197,0.0,False
2014,2,6464468,Corrientes,5.94526705446853,108733013.01311995,5.94526705446853,0.909053251829306,False
2014,3,6595271,Corrientes,5.98628267191169,110173063.34272772,5.986282671911691,0.689886880898527,False
2014,4,6598496,Corrientes,6.17465506597043,106864204.2268147,6.17465506597043,3.1467340314984327,True
2015,1,6737732,Corrientes,7.64256876399628,88160567.57959554,7.642568763996279,23.77320971524015,True
2015,2,6816188,Corrientes,7.79082336835569,87489956.80848822,7.79082336835569,1.9398530642972922,False
2015,3,6935068,Corrientes,7.92519113592012,87506633.98599324,7.92519113592012,1.724692772656078,False
2015,4,6984831,Corrientes,7.95036315669479,87855496.18721831,7.95036315669479,0.3176203619945417,False
2016,1,6907356,Corrientes,7.94060144931573,86987818.79545449,7.94060144931573,-0.12278316331800765,False
2016,2,7130079,Corrientes,8.05303989383131,88538975.26897508,8.05303989383131,1.4159940557811002,False
2016,3,7206950,Corrientes,8.16172673090231,88301780.21904005,8.16172673090231,1.3496373854332333,False
2016,4,7251673,Corrientes,8.11989603111693,89307461.2311569,8.11989603111693,-0.5125226703192265,False
2017,1,7305854,Corrientes,8.14778714678486,89666726.29491688,8.14778714678486,0.34349104423316845,False
2017,2,7429664,Corrientes,8.26516561613311,89891290.0849529,8.26516561613311,1.4406177681576704,False
2017,3,7724943,Corrientes,8.4702126705405,91201287.38759351,8.4702126705405,2.480858387243323,False
2017,4,7870222,Corrientes,8.56226362030962,91917538.9710251,8.56226362030962,1.0867607857034667,False
2018,1,8037053,Corrientes,8.60133260210877,93439625.83227597,8.60133260210877,0.4562926759984043,False
2018,2,8110444,Corrientes,8.90324738534082,91095345.87743604,8.90324738534082,3.5100931122932,True
2018,3,8347035,Corrientes,9.01894817024788,92549983.01836994,9.01894817024788,1.2995346517896467,False
2018,4,8473655,Corrientes,9.10221065708079,93094472.5324301,9.10221065708079,0.9231950917245602,False
2019,1,8648135,Corrientes,9.25199213887151,93473220.36370468,9.25199213887151,1.6455505968124617,False
2019,2,8960181,Corrientes,10.0474590194205,89178577.21719566,10.047459019420499,8.597790277046368,True
2019,3,9164684,Corrientes,10.1340281141787,90434759.96654803,10.1340281141787,0.8616018695958072,False
2019,4,8793181,Corrientes,10.208283637368,86137702.59881948,10.208283637368002,0.7327345291790799,False
2020,1,8812426,Corrientes,10.1981922972643,86411647.70313227,10.1981922972643,-0.09885442511374798,False
2020,2,9031056,Corrientes,10.6131399504817,85093158.50103442,10.6131399504817,4.0688353496600715,True
2020,3,9356199,Corrientes,10.9936136166816,85105765.27633277,10.9936136166816,3.5849302654548554,True
2020,4,9571562,Corrientes,11.1720027347886,85674540.4312785,11.1720027347886,1.6226613407289037,False
2021,1,9647972,Corrientes,11.2341158695361,85881008.45712928,11.2341158695361,0.5559713528719756,False
2021,2,9863084,Corrientes,11.4650645801296,86027286.90332863,11.4650645801296,2.0557800300045947,False
2021,3,10085541,Corrientes,11.8228555121759,85305457.63342276,11.8228555121759,3.1207057713952935,True
2021,4,10489794,Corrientes,11.9831985526209,87537513.07663786,11.983198552620902,1.3562124672831466,False
2022,1,10624009,Corrientes,12.5452812873128,84685299.25067677,12.5452812873128,4.69059018110789,True
2022,2,10958684,Corrientes,12.7321469653836,86070982.60642667,12.7321469653836,1.4895295991472102,False
2022,3,11091128,Corrientes,12.69,87400535.85500395,12.689999999999998,-0.3310279523020987,False
2022,4,11208114,Corrientes,13.6,82412602.94117646,13.600000000000001,7.171000788022086,True
2023,1,11241895,Corrientes,13.71,81997775.34646244,13.71,0.8088235294117618,False
2023,2,11251897,Corrientes,13.79,81594612.03770849,13.79,0.5835156819839371,False
2023,3,11406908,Corrientes,13.9,82064086.33093524,13.900000000000002,0.7976794778825402,False
2023,4,11547661,Corrientes,13.84,83436856.9364162,13.84,-0.4316546762590079,False
2024,1,11633156,Corrientes,13.68,85037690.05847953,13.68,-1.1560693641618491,False
2024,2,11556107,Corrientes,13.53,85410990.3917221,13.530000000000001,-1.0964912280701622,False
2014,1,6398398,Córdoba,16.1251831437494,39679536.92656328,16.1251831437494,0.0,False
2014,2,6464468,Córdoba,16.3654084204053,39500804.58694659,16.3654084204053,1.4897522373196637,False
2014,3,6595271,Córdoba,16.5601374978714,39826185.023208536,16.5601374978714,1.1898821738130394,False
2014,4,6598496,Córdoba,16.6557073313017,39617026.5768251,16.6557073313017,0.5771077289822291,False
2015,1,6737732,Córdoba,16.7936219024859,40120779.41925462,16.7936219024859,0.828031907867488,False
2015,2,6816188,Córdoba,17.1065201027829,39845555.72404897,17.1065201027829,1.8631966475955997,False
2015,3,6935068,Córdoba,17.4307349890253,39786434.73362679,17.4307349890253,1.8952708341286595,False
2015,4,6984831,Córdoba,17.4691679941471,39983764.552153885,17.4691679941471,0.22048987117293528,False
2016,1,6907356,Córdoba,16.9726662396085,40696941.20232301,16.972666239608504,-2.842160283219808,False
2016,2,7130079,Córdoba,17.6203480143202,40465029.37515949,17.6203480143202,3.8160284634610075,True
2016,3,7206950,Córdoba,17.7855048043124,40521481.28093925,17.7855048043124,0.9373071965319557,False
2016,4,7251673,Córdoba,17.5712914597652,41270005.773934744,17.5712914597652,-1.2044265648015862,False
2017,1,7305854,Córdoba,17.6522425706022,41387681.881094635,17.6522425706022,0.4607009736442125,False
2017,2,7429664,Córdoba,18.0566153106088,41146493.25023196,18.056615310608798,2.2907726221711444,False
2017,3,7724943,Córdoba,19.0769539156083,40493587.36291563,19.0769539156083,5.650774452729368,True
2017,4,7870222,Córdoba,19.3908577867931,40587281.31852075,19.3908577867931,1.6454611809276765,False
2018,1,8037053,Córdoba,19.4473810733398,41327173.92481144,19.4473810733398,0.29149451338452703,False
2018,2,8110444,Córdoba,19.373198551696,41864248.58217324,19.373198551696,-0.3814525018255299,False
2018,3,8347035,Córdoba,19.6691574967699,42437176.078186184,19.6691574967699,1.5276720789504816,False
2018,4,8473655,Córdoba,19.9284311751423,42520431.86705837,19.928431175142297,1.3181737876417854,False
2019,1,8648135,Córdoba,20.0595276926967,43112356.04589346,20.0595276926967,0.6578366174549988,False
2019,2,8960181,Córdoba,20.8416372422382,42991732.82721314,20.8416372422382,3.898942993688981,True
2019,3,9164684,Córdoba,21.0007817769535,43639727.784121975,21.0007817769535,0.7635894093424245,False
2019,4,8793181,Córdoba,21.5794971664284,40747849.36916744,21.5794971664284,2.75568498173715,False
2020,1,8812426,Córdoba,21.6423266904036,40718477.85158658,21.6423266904036,0.29115379051993795,False
2020,2,9031056,Córdoba,22.2626297682841,40565989.25642589,22.2626297682841,2.866157076149989,False
2020,3,9356199,Córdoba,23.0297083535099,40626649.96178315,23.029708353509896,3.445588383806286,True
2020,4,9571562,Córdoba,23.904978675681,40040035.717485644,23.904978675681,3.800614010110581,True
2021,1,9647972,Córdoba,24.0613716456615,40097348.32278202,24.061371645661502,0.6542276071536568,False
2021,2,9863084,Córdoba,24.5284062912537,40210863.61210905,24.5284062912537,1.941014221757409,False
2021,3,10085541,Córdoba,24.8859576286757,40527035.97139693,24.8859576286757,1.4577030940224445,False
2021,4,10489794,Córdoba,25.8731537155377,40543159.582824744,25.8731537155377,3.966880043725829,True
2022,1,10624009,Córdoba,26.2552622183512,40464303.542831555,26.2552622183512,1.4768532163283554,False
2022,2,10958684,Córdoba,26.7815908411335,40918719.3733417,26.7815908411335,2.004659555121191,False
2022,3,11091128,Córdoba,27.04,41017485.20710059,27.04,0.9648760613190088,False
2022,4,11208114,Córdoba,27.26,41115605.28246515,27.26,0.8136094674556338,False
2023,1,11241895,Córdoba,27.2,41330496.32352941,27.200000000000003,-0.22010271460014552,False
2023,2,11251897,Córdoba,27.59,40782519.028633565,27.589999999999996,1.4338235294117485,False
2023,3,11406908,Córdoba,27.57,41374348.92999637,27.57,-0.07249003262049802,False
2023,4,11547661,Córdoba,27.76,41598202.44956772,27.76,0.6891548784911272,False
2024,1,11633156,Córdoba,27.77,41891091.10550954,27.77,0.03602305475502998,False
2024,2,11556107,Córdoba,27.79,41583688.37711407,27.79,0.07202016564638036,False
2014,1,6398398,Entre Ríos,10.3022471048393,62106819.3655971,10.3022471048393,0.0,False
2014,2,6464468,Entre Ríos,10.3720720658694,62325714.273352765,10.3720720658694,0.6777643781937792,False
2014,3,6595271,Entre Ríos,10.4338264358501,63210472.596505746,10.4338264358501,0.5953908687533316,False
2014,4,6598496,Entre Ríos,10.7183280951834,61562735.73082009,10.7183280951834,2.726724093816313,False
2015,1,6737732,Entre Ríos,12.6093360869829,53434470.72487518,12.6093360869829,17.642751509438128,True
2015,2,6816188,Entre Ríos,12.8371812612236,53097232.65020176,12.837181261223602,1.8069561527185751,False
2015,3,6935068,Entre Ríos,13.027710914374,53233204.555899836,13.027710914374,1.48420162708085,False
2015,4,6984831,Entre Ríos,13.1239623080906,53221967.84803339,13.1239623080906,0.738820460088685,False
2016,1,6907356,Entre Ríos,13.1425400956748,52557237.41161121,13.142540095674802,0.14155624001410683,False
2016,2,7130079,Entre Ríos,13.3773061346933,53299811.847084336,13.3773061346933,1.7863064317053867,False
2016,3,7206950,Entre Ríos,13.5523719961486,53178513.709984615,13.5523719961486,1.3086779931071213,False
2016,4,7251673,Entre Ríos,13.4519827391907,53907837.53292472,13.4519827391907,-0.7407504530308695,False
2017,1,7305854,Entre Ríos,13.4274342450088,54409903.38653646,13.4274342450088,-0.18248978353488932,False
2017,2,7429664,Entre Ríos,13.5716635856636,54743944.639537856,13.571663585663602,1.074139243753236,False
2017,3,7724943,Entre Ríos,13.741494179292,56216179.2539362,13.741494179292,1.25136165184494,False
2017,4,7870222,Entre Ríos,14.3176351801836,54968728.43144393,14.317635180183599,4.192710002088607,True
2018,1,8037053,Entre Ríos,14.5556734563254,55215947.4043942,14.5556734563254,1.6625530204265715,False
2018,2,8110444,Entre Ríos,14.7116484535059,55129403.245543286,14.711648453505898,1.0715752702786574,False
2018,3,8347035,Entre Ríos,15.0162082107412,55586835.79007187,15.0162082107412,2.0701946365685675,False
2018,4,8473655,Entre Ríos,16.2577940353847,52120570.487959765,16.2577940353847,8.268304536130389,True
2019,1,8648135,Entre Ríos,16.9794023932903,50933094.10829122,16.9794023932903,4.438537948844967,True
2019,2,8960181,Entre Ríos,17.1858204446725,52137056.99327029,17.1858204446725,1.215696798986099,False
2019,3,9164684,Entre Ríos,17.3116618255979,52939365.91603606,17.3116618255979,0.7322395886220745,False
2019,4,8793181,Entre Ríos,17.339132629893,50712923.11842857,17.339132629893,0.15868380847461339,False
2020,1,8812426,Entre Ríos,16.7793875942568,52519354.18081821,16.7793875942568,-3.2282182020523353,False
2020,2,9031056,Entre Ríos,16.9046496397221,53423502.9561279,16.9046496397221,0.7465233445598018,False
2020,3,9356199,Entre Ríos,17.3981108790514,53777097.20924672,17.3981108790514,2.9190858719117196,False
2020,4,9571562,Entre Ríos,17.7819708307277,53827340.57498337,17.7819708307277,2.2063312180548023,False
2021,1,9647972,Entre Ríos,18.0705817215044,53390489.297412574,18.0705817215044,1.6230534484848569,False
2021,2,9863084,Entre Ríos,18.4356806329179,53499972.126816586,18.4356806329179,2.0204048604535174,False
2021,3,10085541,Entre Ríos,18.5905655958691,54250856.155990474,18.5905655958691,0.8401369389890778,False
2021,4,10489794,Entre Ríos,18.8822776766148,55553647.60360098,18.8822776766148,1.5691404290061994,False
2022,1,10624009,Entre Ríos,19.0454052709211,55782530.4784716,19.0454052709211,0.8639190520343343,False
2022,2,10958684,Entre Ríos,19.1046859506594,57361236.02503794,19.1046859506594,0.3112597442534337,False
2022,3,11091128,Entre Ríos,19.04,58251722.689075634,19.04,-0.3385868306155837,False
2022,4,11208114,Entre Ríos,19.14,58558589.34169278,19.14,0.5252100840336116,False
2023,1,11241895,Entre Ríos,19.37,58037661.33195663,19.37,1.2016718913270719,False
2023,2,11251897,Entre Ríos,19.26,58421064.38213914,19.26,-0.5678884873515755,False
2023,3,11406908,Entre Ríos,20.58,55427152.57531585,20.58,6.8535825545171125,True
2023,4,11547661,Entre Ríos,20.91,55225542.802486844,20.91,1.6034985422740622,False
2024,1,11633156,Entre Ríos,20.72,56144575.28957529,20.72,-0.9086561453849895,False
2024,2,11556107,Entre Ríos,20.52,56316310.91617934,20.52,-0.9652509652509633,False
2014,1,6398398,Formosa,4.44446775479377,143963199.93769187,4.44446775479377,0.0,False
2014,2,6464468,Formosa,4.46486967289597,144785144.3289064,4.464869672895969,0.4590407497094384,False
2014,3,6595271,Formosa,4.51292526712683,146141817.3272544,4.51292526712683,1.0763045228975532,False
2014,4,6598496,Formosa,4.5491629692892,145048573.65070403,4.549162969289201,0.8029758973926437,False
2015,1,6737732,Formosa,4.62384901660949,145716955.1989513,4.62384901660949,1.6417536110375552,False
2015,2,6816188,Formosa,4.67347848472179,145848280.29663572,4.67347848472179,1.0733366927428767,False
2015,3,6935068,Formosa,4.78363992388097,144974707.76131442,4.78363992388097,2.3571615771702303,False
2015,4,6984831,Formosa,4.83056312716579,144596619.81683224,4.83056312716579,0.9809100189704711,False
2016,1,6907356,Formosa,4.85805369012364,142183607.68722185,4.858053690123639,0.5690964435026258,False
2016,2,7130079,Formosa,4.93043941201745,144613459.45396164,4.93043941201745,1.490014860086264,False
2016,3,7206950,Formosa,4.73374802305046,152246168.67874163,4.73374802305046,-3.9893277764974644,False
2016,4,7251673,Formosa,5.02928480990009,144188950.79724187,5.02928480990009,6.243187964601127,True
2017,1,7305854,Formosa,5.05059092168821,144653449.73055047,5.05059092168821,0.42364098661065164,False
2017,2,7429664,Formosa,5.08181870616855,146200886.52476966,5.0818187061685505,0.6182996200750024,False
2017,3,7724943,Formosa,5.43429504811395,142151703.79239994,5.43429504811395,6.93602748003479,True
2017,4,7870222,Formosa,5.41406007215144,145366358.98228094,5.41406007215144,-0.3723569622803846,False
2018,1,8037053,Formosa,5.44800982825826,147522733.13298082,5.44800982825826,0.6270664834594264,False
2018,2,8110444,Formosa,7.4919076165093,108256059.94029722,7.4919076165093,37.516411546277965,True
2018,3,8347035,Formosa,7.52794981031211,110880587.81377462,7.527949810312111,0.4810816636791948,False
2018,4,8473655,Formosa,7.56863913845701,111957444.99092993,7.56863913845701,0.5405100880077729,False
2019,1,8648135,Formosa,7.55368578631946,114488942.81070979,7.55368578631946,-0.19756989154854354,False
2019,2,8960181,Formosa,7.74219578395609,115731780.10517251,7.742195783956091,2.49560284832131,False
2019,3,9164684,Formosa,7.66417771389022,119578177.1003343,7.66417771389022,-1.0076995240490438,False
2019,4,8793181,Formosa,7.75547611892472,113380285.94457403,7.7554761189247206,1.1912354911739031,False
2020,1,8812426,Formosa,7.69363320950793,114541800.4735324,7.69363320950793,-0.7974095783221169,False
2020,2,9031056,Formosa,7.92553974261672,113948781.9541017,7.925539742616721,3.014265520511117,True
2020,3,9356199,Formosa,8.12033722939222,115219340.4743645,8.12033722939222,2.4578450566344,False
2020,4,9571562,Formosa,8.26839085381519,115760879.82806839,8.26839085381519,1.8232447771636462,False
2021,1,9647972,Formosa,8.33089528442991,115809545.92037244,8.33089528442991,0.7559443151611722,False
2021,2,9863084,Formosa,8.45629304957047,116636024.10870786,8.45629304957047,1.505213555797802,False
2021,3,10085541,Formosa,8.64358218729535,116682421.49445972,8.64358218729535,2.2147900578539437,False
2021,4,10489794,Formosa,8.76886524220062,119625444.2309972,8.76886524220062,1.4494344149283078,False
2022,1,10624009,Formosa,8.89642743559843,119418823.7571497,8.89642743559843,1.4547172282213916,False
2022,2,10958684,Formosa,11.0498145911401,99175274.92983302,11.0498145911401,24.205077500267613,True
2022,3,11091128,Formosa,11.14,99561292.63913824,11.14,0.816171240847896,False
2022,4,11208114,Formosa,10.03,111745902.29312064,10.03,-9.964093357271109,False
2023,1,11241895,Formosa,9.87,113899645.39007093,9.87,-1.5952143569292088,False
2023,2,11251897,Formosa,9.75,115404071.79487179,9.75,-1.2158054711246091,False
2023,3,11406908,Formosa,9.89,115337795.75328614,9.89,1.4358974358974486,False
2023,4,11547661,Formosa,9.98,115708026.0521042,9.98,0.9100101112234471,False
2024,1,11633156,Formosa,10.08,115408293.65079366,10.08,1.002004008016022,False
2024,2,11556107,Formosa,10.1,114416900.99009901,10.1,0.1984126984126977,False
2014,1,6398398,Jujuy,4.72430277882911,135435815.60167918,4.724302778829111,0.0,False
2014,2,6464468,Jujuy,4.78409543407859,135124143.9280579,4.78409543407859,1.265639779004557,False
2014,3,6595271,Jujuy,4.68339443034039,140822454.69811207,4.68339443034039,-2.1049121014784844,False
2014,4,6598496,Jujuy,4.98200351211736,132446634.85184152,4.98200351211736,6.375911450944494,True
2015,1,6737732,Jujuy,5.05087991347104,133397192.47788906,5.05087991347104,1.3825040706245462,False
2015,2,6816188,Jujuy,5.18839248135606,131373793.02921377,5.18839248135606,2.7225467688959393,False
2015,3,6935068,Jujuy,5.42345455542757,127871782.25840703,5.42345455542757,4.530537636005394,True
2015,4,6984831,Jujuy,5.45834125160131,127966183.82829882,5.45834125160131,0.6432559878062794,False
2016,1,6907356,Jujuy,5.49180026198814,125775805.20926303,5.49180026198814,0.6129886140228802,False
2016,2,7130079,Jujuy,5.59776138470153,127373757.29316072,5.59776138470153,1.9294423988215126,False
2016,3,7206950,Jujuy,5.76400350138348,125033754.72048521,5.76400350138348,2.969796410691661,False
2016,4,7251673,Jujuy,5.75880438439226,125923238.852387,5.75880438439226,-0.09019975421549198,False
2017,1,7305854,Jujuy,5.81976940765058,125535111.24333958,5.81976940765058,1.058640286923973,False
2017,2,7429664,Jujuy,5.72941710564843,129675739.48622726,5.72941710564843,-1.552506562946876,False
2017,3,7724943,Jujuy,5.79114280051213,133392376.35992774,5.79114280051213,1.077346852664074,False
2017,4,7870222,Jujuy,5.81583543877829,135324014.62950036,5.815835438778291,0.4263862784384731,False
2018,1,8037053,Jujuy,5.91282950582615,135925667.94088626,5.912829505826151,1.6677581074789671,False
2018,2,8110444,Jujuy,5.99239747680142,135345561.29492825,5.99239747680142,1.3456834988539335,False
2018,3,8347035,Jujuy,5.9491656472258,140305977.2573717,5.949165647225799,-0.7214446261781915,False
2018,4,8473655,Jujuy,11.8994841924185,71210271.49562338,11.899484192418498,100.01937915390604,True
2019,1,8648135,Jujuy,11.8678497610553,72870277.0436066,11.867849761055298,-0.26584708086216935,False
2019,2,8960181,Jujuy,11.3829345908251,78715913.97197439,11.382934590825098,-4.085956428446402,False
2019,3,9164684,Jujuy,11.334206981241,80858625.7086029,11.334206981241,-0.42807598686698256,False
2019,4,8793181,Jujuy,11.6039151022838,75777708.83785067,11.6039151022838,2.379594103841476,False
2020,1,8812426,Jujuy,11.9345057136942,73839890.91302054,11.934505713694199,2.8489575156003477,False
2020,2,9031056,Jujuy,12.246000275261,73746985.1135335,12.246000275260998,2.6100332015374317,False
2020,3,9356199,Jujuy,13.8200370336799,67700245.50005637,13.820037033679899,12.853476425267797,True
2020,4,9571562,Jujuy,13.6696231171354,70020672.24517462,13.669623117135398,-1.0883756402239486,False
2021,1,9647972,Jujuy,14.2260459665007,67819069.49210563,14.226045966500699,4.070506147808883,True
2021,2,9863084,Jujuy,14.3667840692187,68651995.82926828,14.3667840692187,0.9892988048078033,False
2021,3,10085541,Jujuy,14.240381868424,70823529.12433645,14.240381868424002,-0.8798225141109839,False
2021,4,10489794,Jujuy,14.5552419442425,72068839.80481935,14.5552419442425,2.211036745557049,False
2022,1,10624009,Jujuy,14.8476418286294,71553510.80408378,14.8476418286294,2.008897450877223,False
2022,2,10958684,Jujuy,14.6569135245407,74768019.7583987,14.656913524540698,-1.2845696730166,False
2022,3,11091128,Jujuy,15.06,73646268.26029216,15.06,2.7501456891616094,False
2022,4,11208114,Jujuy,14.95,74970662.20735787,14.95,-0.7304116865869958,False
2023,1,11241895,Jujuy,14.88,75550369.6236559,14.88,-0.4682274247491569,False
2023,2,11251897,Jujuy,14.78,76129208.38971584,14.78,-0.6720430107526987,False
2023,3,11406908,Jujuy,14.73,77439972.84453495,14.730000000000002,-0.3382949932340784,False
2023,4,11547661,Jujuy,14.77,78183215.97833446,14.77,0.27155465037336235,False
2024,1,11633156,Jujuy,14.74,78922360.92265943,14.74,-0.20311442112389555,False
2024,2,11556107,Jujuy,14.91,77505747.82025486,14.91,1.1533242876526462,False
2014,1,6398398,La Pampa,15.9940619540067,40004834.40916725,15.9940619540067,0.0,False
2014,2,6464468,La Pampa,16.3790489033622,39467908.29028546,16.3790489033622,2.4070617611873013,False
2014,3,6595271,La Pampa,18.3375340019153,35965964.66739281,18.3375340019153,11.957257775517572,True
2014,4,6598496,La Pampa,16.8165246239874,39238166.90749397,16.8165246239874,-8.294514288393607,False
2015,1,6737732,La Pampa,18.332348933632,36753238.902403556,18.332348933632,9.013897600949017,True
2015,2,6816188,La Pampa,18.6853290469759,36478822.41122832,18.6853290469759,1.9254494588870408,False
2015,3,6935068,La Pampa,19.055588379965,36393880.16636376,19.055588379965002,1.9815510449842755,False
2015,4,6984831,La Pampa,19.2721612721497,36243112.02757428,19.2721612721497,1.136532170333826,False
2016,1,6907356,La Pampa,19.1017714242668,36160813.81449747,19.101771424266804,-0.8841242322371268,False
2016,2,7130079,La Pampa,19.9138554042725,35804613.69861232,19.9138554042725,4.251354295727916,True
2016,3,7206950,La Pampa,20.2948293814121,35511261.83204476,20.2948293814121,1.913110090464265,False
2016,4,7251673,La Pampa,20.6707608364078,35081790.44492398,20.6707608364078,1.8523509014567674,False
2017,1,7305854,La Pampa,20.64904971243,35381066.449765645,20.64904971243,-0.10503301813430399,False
2017,2,7429664,La Pampa,20.9208113683245,35513268.91293043,20.9208113683245,1.3160976397422752,False
2017,3,7724943,La Pampa,22.7808079768561,33909872.765917994,22.7808079768561,8.890652354658467,True
2017,4,7870222,La Pampa,23.4099297739188,33619161.0825261,23.4099297739188,2.761630745063348,False
2018,1,8037053,La Pampa,23.6412486623102,33995890.465857595,23.6412486623102,0.98812294878865,False
2018,2,8110444,La Pampa,23.407010658268,34649636.0360103,23.407010658267996,-0.9908021669584488,False
2018,3,8347035,La Pampa,23.6405627895773,35308106.132228196,23.640562789577302,0.9977870934442024,False
2018,4,8473655,La Pampa,24.215175627605,34993159.3737447,24.215175627605,2.430622498890056,False
2019,1,8648135,La Pampa,25.1575166404727,34375948.642272286,25.1575166404727,3.8915307795390985,True
2019,2,8960181,La Pampa,25.3978398954861,35279303.42451081,25.3978398954861,0.9552741570158618,False
2019,3,9164684,La Pampa,25.5190027056414,35913174.60840268,25.5190027056414,0.47705950842233946,False
2019,4,8793181,La Pampa,25.3449218476204,34694054.50475114,25.344921847620398,-0.6821616817436205,False
2020,1,8812426,La Pampa,24.9634889459636,35301259.447649844,24.9634889459636,-1.504967756263209,False
2020,2,9031056,La Pampa,25.0738459648555,36017833.13440741,25.0738459648555,0.4420736986355589,False
2020,3,9356199,La Pampa,26.115702018823,35825952.49883185,26.115702018823,4.15515057174638,True
2020,4,9571562,La Pampa,26.9404221718048,35528626.60785385,26.9404221718048,3.1579474769140026,True
2021,1,9647972,La Pampa,26.943299898725,35808427.461613774,26.943299898725005,0.010681818205560134,False
2021,2,9863084,La Pampa,27.0435584401919,36471102.80184715,27.0435584401919,0.3721093624156957,False
2021,3,10085541,La Pampa,27.7678911910512,36320874.8212406,27.7678911910512,2.6783929062486056,False
2021,4,10489794,La Pampa,29.509892061531,35546704.061566055,29.509892061531,6.2734359569991405,True
2022,1,10624009,La Pampa,30.2004150314026,35178354.30060508,30.2004150314026,2.3399711812967405,False
2022,2,10958684,La Pampa,30.6327215596658,35774438.05851496,30.632721559665804,1.4314588982094811,False
2022,3,11091128,La Pampa,31.82,34855839.09490886,31.819999999999997,3.8758503322064763,True
2022,4,11208114,La Pampa,31.23,35888933.717579246,31.230000000000004,-1.8541797611564825,False
2023,1,11241895,La Pampa,31.81,35340757.62338887,31.81,1.8571886007044291,False
2023,2,11251897,La Pampa,32.4,34728077.16049383,32.4,1.8547626532536832,False
2023,3,11406908,La Pampa,32.62,34969061.92519926,32.62,0.6790123456790198,False
2023,4,11547661,La Pampa,32.93,35067297.2972973,32.93,0.9503372164316515,False
2024,1,11633156,La Pampa,33.11,35134871.639987916,33.11,0.5466140297601063,False
2024,2,11556107,La Pampa,33.33,34671788.17881788,33.33,0.6644518272425293,False
2014,1,6398398,La Rioja,4.35317490004406,146982332.36471248,4.35317490004406,0.0,False
2014,2,6464468,La Rioja,4.39338341878784,147140993.25716454,4.39338341878784,0.9236596200941305,False
2014,3,6595271,La Rioja,4.37903587474791,150610115.7570369,4.37903587474791,-0.32657163448504,False
2014,4,6598496,La Rioja,4.49690190272523,146734266.00658453,4.49690190272523,2.6915976792289964,False
2015,1,6737732,La Rioja,4.46232446314409,150991530.43776405,4.46232446314409,-0.7689169194503687,False
2015,2,6816188,La Rioja,4.49467875121494,151650170.7303896,4.49467875121494,0.7250545839522893,False
2015,3,6935068,La Rioja,4.55007908580606,152416427.69757333,4.550079085806061,1.2325760673361996,False
2015,4,6984831,La Rioja,4.5777751342349,152581347.82034025,4.5777751342349,0.6086937810649395,False
2016,1,6907356,La Rioja,4.49695820154003,153600627.1446887,4.49695820154003,-1.765419452136907,False
2016,2,7130079,La Rioja,4.49348905893409,158675784.15093195,4.49348905893409,-0.0771442039366188,False
2016,3,7206950,La Rioja,4.52988708727993,159097784.58357933,4.52988708727993,0.8100170684397945,False
2016,4,7251673,La Rioja,4.35056208536871,166683588.41235617,4.35056208536871,-3.958707986668597,False
2017,1,7305854,La Rioja,4.31144439366078,169452585.55907556,4.31144439366078,-0.8991410981005421,False
2017,2,7429664,La Rioja,4.31364137112834,172236478.66805828,4.31364137112834,0.05095687818195138,False
2017,3,7724943,La Rioja,13.7006510798107,56383765.66923515,13.700651079810699,217.61219584712376,True
2017,4,7870222,La Rioja,13.7279656603595,57329849.117599696,13.727965660359501,0.19936702562299846,False
2018,1,8037053,La Rioja,13.6947700631199,58687024.04609065,13.694770063119902,-0.24181002532264184,False
2018,2,8110444,La Rioja,13.5709228844089,59763393.168476194,13.570922884408898,-0.9043392341761658,False
2018,3,8347035,La Rioja,13.5054845201924,61804780.03229082,13.5054845201924,-0.48219538769671555,False
2018,4,8473655,La Rioja,13.4028590482468,63222742.02464602,13.402859048246798,-0.7598799716675431,False
2019,1,8648135,La Rioja,13.3594024786378,64734444.62676158,13.359402478637799,-0.3242335792129625,False
2019,2,8960181,La Rioja,12.965645588675,69107094.88948531,12.965645588675,-2.9474139325649573,False
2019,3,9164684,La Rioja,12.7624317908561,71809856.85319175,12.762431790856098,-1.5673249467531458,False
2019,4,8793181,La Rioja,12.5475635674596,70078792.21113428,12.5475635674596,-1.6835993869949273,False
2020,1,8812426,La Rioja,12.3374236886702,71428413.43847741,12.3374236886702,-1.67474647695246,False
2020,2,9031056,La Rioja,13.2675488804432,68068759.9599657,13.2675488804432,7.539055278025031,True
2020,3,9356199,La Rioja,13.3413120207716,70129526.88186121,13.3413120207716,0.5559665993552843,False
2020,4,9571562,La Rioja,13.3391295117309,71755521.91454796,13.3391295117309,-0.016359028537094034,False
2021,1,9647972,La Rioja,13.2583601634496,72768969.02074926,13.2583601634496,-0.6055068901630212,False
2021,2,9863084,La Rioja,20.4915850957506,48132362.40101961,20.4915850957506,54.555954455373914,True
2021,3,10085541,La Rioja,20.5659645302194,49039961.07345424,20.565964530219404,0.362975504926788,False
2021,4,10489794,La Rioja,20.742382050284,50571790.52324116,20.742382050284,0.8578130133666706,False
2022,1,10624009,La Rioja,20.9691741722694,50664889.865093865,20.9691741722694,1.0933754929188355,False
2022,2,10958684,La Rioja,21.3314092169144,51373464.77470643,21.3314092169144,1.7274645232525865,False
2022,3,11091128,La Rioja,21.47,51658723.80065207,21.47,0.6497028943390548,False
2022,4,11208114,La Rioja,21.26,52719256.820319846,21.26,-0.9781089892873629,False
2023,1,11241895,La Rioja,21.23,52952873.29251059,21.23,-0.14111006585136865,False
2023,2,11251897,La Rioja,21.3,52825807.51173709,21.3,0.32972209138011355,False
2023,3,11406908,La Rioja,21.41,53278411.957029425,21.41,0.516431924882621,False
2023,4,11547661,La Rioja,21.35,54087405.15222482,21.35,-0.28024287716019725,False
2024,1,11633156,La Rioja,21.3,54615755.8685446,21.3,-0.23419203747072626,False
2024,2,11556107,La Rioja,21.17,54587184.695323564,21.17,-0.6103286384976481,False
2014,1,6398398,Mendoza,8.93331832282328,71623978.55736382,8.93331832282328,0.0,False
2014,2,6464468,Mendoza,8.95860097015214,72159347.44206178,8.958600970152139,0.2830151844501527,False
2014,3,6595271,Mendoza,8.99223693701461,73344052.7223208,8.99223693701461,0.3754600408538922,False
2014,4,6598496,Mendoza,9.05637770520934,72860212.04928836,9.05637770520934,0.7132904598043721,False
2015,1,6737732,Mendoza,9.05923641753412,74374171.1714151,9.05923641753412,0.031565736521077525,False
2015,2,6816188,Mendoza,9.0682944930269,75165049.0093957,9.0682944930269,0.09998718518093863,False
2015,3,6935068,Mendoza,9.04240199075449,76694975.59487891,9.042401990754488,-0.28552780561241775,False
2015,4,6984831,Mendoza,9.01590756856533,77472300.45207164,9.015907568565332,-0.29300203879727427,False
2016,1,6907356,Mendoza,8.99056782533634,76828918.19729522,8.99056782533634,-0.2810559340397534,False
2016,2,7130079,Mendoza,8.96594364845842,79524022.00549103,8.96594364845842,-0.27388900630420654,False
2016,3,7206950,Mendoza,8.93044444956212,80700910.69603342,8.93044444956212,-0.3959337721512912,False
2016,4,7251673,Mendoza,8.91094173348024,81379423.37512964,8.91094173348024,-0.218384607754174,False
2017,1,7305854,Mendoza,8.88670624572537,82211044.20452987,8.88670624572537,-0.2719744835028237,False
2017,2,7429664,Mendoza,8.86323196292613,83825674.77729818,8.86323196292613,-0.2641505429588187,False
2017,3,7724943,Mendoza,9.96432346586244,77526015.95547846,9.96432346586244,12.423137604228884,True
2017,4,7870222,Mendoza,9.30028099444051,84623486.15815625,9.30028099444051,-6.664200271066334,False
2018,1,8037053,Mendoza,10.3458430919679,77683886.45135792,10.345843091967899,11.242263520343121,True
2018,2,8110444,Mendoza,10.318226443151,78603082.07699324,10.318226443151,-0.26693473476646634,False
2018,3,8347035,Mendoza,10.6019692319668,78730986.83244829,10.6019692319668,2.7499182187859628,False
2018,4,8473655,Mendoza,10.5369339699976,80418602.0727425,10.536933969997602,-0.6134262470136709,False
2019,1,8648135,Mendoza,10.5088620671738,82293734.0381877,10.5088620671738,-0.26641433745084875,False
2019,2,8960181,Mendoza,11.3733565416729,78782204.41933013,11.3733565416729,8.226337627929237,True
2019,3,9164684,Mendoza,11.3681890162792,80616921.36606993,11.368189016279198,-0.0454353591639145,False
2019,4,8793181,Mendoza,9.39011273391884,93642975.85307351,9.39011273391884,-17.40010022289179,False
2020,1,8812426,Mendoza,9.24865632529103,95283311.32709375,9.24865632529103,-1.5064399399257855,False
2020,2,9031056,Mendoza,10.1166524693736,89269212.59121974,10.1166524693736,9.385105398596982,True
2020,3,9356199,Mendoza,10.4223554880532,89770484.32789211,10.4223554880532,3.0217803725596237,True
2020,4,9571562,Mendoza,10.7797538577923,88792027.4086876,10.7797538577923,3.429151597724478,True
2021,1,9647972,Mendoza,10.9260024514795,88302854.0662057,10.926002451479501,1.356696967449622,False
2021,2,9863084,Mendoza,11.4338470668006,86262164.80224334,11.4338470668006,4.648036805559497,True
2021,3,10085541,Mendoza,12.710228113581,79349803.24407792,12.710228113580998,11.163181030175796,True
2021,4,10489794,Mendoza,13.2562590069906,79130876.92740671,13.2562590069906,4.2959960162018085,True
2022,1,10624009,Mendoza,13.5994765497552,78120720.02279557,13.599476549755202,2.5890980448074252,False
2022,2,10958684,Mendoza,13.7822337845706,79513119.36290325,13.7822337845706,1.3438549207887451,False
2022,3,11091128,Mendoza,14.24,77887134.83146067,14.24,3.3214225109276185,True
2022,4,11208114,Mendoza,14.33,78214333.56594557,14.330000000000002,0.6320224719101208,False
2023,1,11241895,Mendoza,14.34,78395362.62203626,14.34,0.06978367062107083,False
2023,2,11251897,Mendoza,14.54,77385811.55433287,14.540000000000001,1.3947001394700287,False
2023,3,11406908,Mendoza,14.52,78559972.45179063,14.52,-0.13755158184319827,False
2023,4,11547661,Mendoza,14.55,79365367.6975945,14.550000000000002,0.20661157024794985,False
2024,1,11633156,Mendoza,14.67,79298950.23858215,14.67,0.824742268041212,False
2024,2,11556107,Mendoza,14.6,79151417.80821918,14.6,-0.47716428084526585,False
2014,1,6398398,Misiones,6.32316098194971,101189864.0294793,6.3231609819497105,0.0,False
2014,2,6464468,Misiones,6.36580742599405,101549851.69050325,6.365807425994049,0.6744481781513878,False
2014,3,6595271,Misiones,6.39977366685188,103054753.86044843,6.399773666851879,0.5335731759514628,False
2014,4,6598496,Misiones,6.54066222204155,100884218.99794112,6.540662222041551,2.2014615285445904,False
2015,1,6737732,Misiones,7.18848302796675,93729538.95539425,7.18848302796675,9.9045140068859,True
2015,2,6816188,Misiones,7.4498150149301,91494728.20922057,7.4498150149301,3.6354260828973084,True
2015,3,6935068,Misiones,7.68704138427488,90217648.81072234,7.68704138427488,3.1843256358628613,True
2015,4,6984831,Misiones,7.76631710307749,89937494.27553226,7.76631710307749,1.0312903865039802,False
2016,1,6907356,Misiones,7.75121532265461,89113199.83347324,7.75121532265461,-0.194452276702628,False
2016,2,7130079,Misiones,7.96497621687945,89517894.41492459,7.96497621687945,2.7577726243789957,False
2016,3,7206950,Misiones,8.12165282352103,88737479.38508317,8.12165282352103,1.9670693593478727,False
2016,4,7251673,Misiones,8.04702456742802,90116203.06656739,8.04702456742802,-0.9188801554885551,False
2017,1,7305854,Misiones,8.04171321055632,90849472.10514346,8.04171321055632,-0.06600398479206238,False
2017,2,7429664,Misiones,8.19626218117457,90646978.29047835,8.19626218117457,1.9218413610593954,False
2017,3,7724943,Misiones,8.22783358937152,93887934.36438553,8.22783358937152,0.38519275615005455,False
2017,4,7870222,Misiones,8.48278947789551,92778702.34205693,8.48278947789551,3.098700110480279,True
2018,1,8037053,Misiones,8.43227841660731,95312946.3108225,8.43227841660731,-0.5954534345078533,False
2018,2,8110444,Misiones,8.61598877251767,94132481.06670937,8.61598877251767,2.1786561927146897,False
2018,3,8347035,Misiones,8.74450949017475,95454582.20816904,8.74450949017475,1.491653727161557,False
2018,4,8473655,Misiones,9.38376401334208,90301237.20025286,9.383764013342082,7.310353129419012,True
2019,1,8648135,Misiones,9.87579609120626,87568991.09835398,9.87579609120626,5.24344044846603,True
2019,2,8960181,Misiones,10.6628255950184,84031956.82189658,10.6628255950184,7.96927656812334,True
2019,3,9164684,Misiones,10.713348334459,85544534.85398406,10.713348334458999,0.4738213055290208,False
2019,4,8793181,Misiones,10.8375819024918,81136005.05273461,10.8375819024918,1.1596147549240987,False
2020,1,8812426,Misiones,10.6276210559822,82920024.65631345,10.6276210559822,-1.9373403439869374,False
2020,2,9031056,Misiones,11.1369196743518,81091147.85840127,11.136919674351802,4.792216580613995,True
2020,3,9356199,Misiones,11.3317985370104,82565878.39469646,11.331798537010402,1.7498452746085968,False
2020,4,9571562,Misiones,11.6148987925828,82407622.92403562,11.6148987925828,2.498281756843568,False
2021,1,9647972,Misiones,11.7588116112233,82048869.55405775,11.758811611223297,1.239036355033929,False
2021,2,9863084,Misiones,12.2601465948529,80448336.59771048,12.2601465948529,4.263483421667358,True
2021,3,10085541,Misiones,12.4117725813258,81257861.71085872,12.411772581325803,1.2367387722473033,False
2021,4,10489794,Misiones,13.3633190432684,78496921.057079,13.3633190432684,7.666483217507958,True
2022,1,10624009,Misiones,13.3575393367025,79535674.4397407,13.357539336702501,-0.04325053190142869,False
2022,2,10958684,Misiones,13.8900281819679,78896053.02764335,13.890028181967901,3.9864291756362746,True
2022,3,11091128,Misiones,14.11,78604734.23104182,14.11,1.5836671830347093,False
2022,4,11208114,Misiones,14.39,77888214.03752606,14.39,1.9844082211197822,False
2023,1,11241895,Misiones,14.7,76475476.1904762,14.7,2.154273801250861,False
2023,2,11251897,Misiones,15.03,74862920.82501663,15.03,2.244897959183678,False
2023,3,11406908,Misiones,15.12,75442513.22751322,15.120000000000001,0.5988023952095967,False
2023,4,11547661,Misiones,15.33,75327208.08871494,15.329999999999998,1.3888888888888618,False
2024,1,11633156,Misiones,15.46,75246804.65717982,15.46,0.8480104370515607,False
2024,2,11556107,Misiones,15.72,73512131.043257,15.72,1.681759379042691,False
2014,1,6398398,Neuquén,14.8822657665075,42993439.98008407,14.8822657665075,0.0,False
2014,2,6464468,Neuquén,15.1375680294983,42704798.99679268,15.137568029498299,1.7154797998928162,False
2014,3,6595271,Neuquén,16.7266886493093,39429627.33554762,16.7266886493093,10.497859475936355,True
2014,4,6598496,Neuquén,15.5286641207705,42492360.89261615,15.5286641207705,-7.162353252676046,False
2015,1,6737732,Neuquén,15.5262500689212,43395745.721543394,15.526250068921199,-0.015545779279702021,False
2015,2,6816188,Neuquén,15.8141751619626,43101761.111099795,15.814175161962602,1.8544406522070789,False
2015,3,6935068,Neuquén,16.1952130313712,42821715.1979805,16.1952130313712,2.409470399221947,False
2015,4,6984831,Neuquén,17.2263045298112,40547471.965982676,17.226304529811202,6.366643627612123,True
2016,1,6907356,Neuquén,16.6592100932178,41462686.17389057,16.6592100932178,-3.292026073334575,False
2016,2,7130079,Neuquén,17.5941757650438,40525223.205772884,17.5941757650438,5.6123049447982964,True
2016,3,7206950,Neuquén,17.8621510152284,40347604.237897806,17.8621510152284,1.5230906736592553,False
2016,4,7251673,Neuquén,17.9932474938908,40302191.1551105,17.993247493890802,0.733934443565265,False
2017,1,7305854,Neuquén,18.1662540084548,40216623.6176141,18.1662540084548,0.961508002503364,False
2017,2,7429664,Neuquén,18.4306345952835,40311493.13709085,18.4306345952835,1.4553390407601619,False
2017,3,7724943,Neuquén,18.1084813517863,42659253.694059655,18.1084813517863,-1.7479226872613607,False
2017,4,7870222,Neuquén,18.2308851652642,43169719.56466133,18.2308851652642,0.6759474254080855,False
2018,1,8037053,Neuquén,18.3128386973519,43887532.30902529,18.3128386973519,0.44953128355964544,False
2018,2,8110444,Neuquén,17.9318778103692,45229195.10030396,17.9318778103692,-2.080294012734285,False
2018,3,8347035,Neuquén,18.0054517097913,46358375.97709872,18.0054517097913,0.4102966805827446,False
2018,4,8473655,Neuquén,17.5833620329143,48191324.18554632,17.5833620329143,-2.344232645090849,False
2019,1,8648135,Neuquén,17.5264903960343,49343221.62956712,17.5264903960343,-0.3234400609709476,False
2019,2,8960181,Neuquén,18.7779008056203,47716627.60790697,18.7779008056203,7.1401083805640475,True
2019,3,9164684,Neuquén,19.0920756796417,48002554.32557553,19.0920756796417,1.6731096690390856,False
2019,4,8793181,Neuquén,17.6681849769219,49768445.43729654,17.6681849769219,-7.4580193720797165,False
2020,1,8812426,Neuquén,18.4098728835989,47867935.07874173,18.4098728835989,4.197872660071145,True
2020,2,9031056,Neuquén,19.0205986637401,47480398.27587733,19.0205986637401,3.317381841812095,True
2020,3,9356199,Neuquén,19.4204592926977,48177022.27834555,19.420459292697704,2.102250491830615,False
2020,4,9571562,Neuquén,19.9435555508951,47993257.64943861,19.9435555508951,2.693531858919962,False
2021,1,9647972,Neuquén,19.895917331183,48492219.98363791,19.895917331183,-0.2388652293746074,False
2021,2,9863084,Neuquén,20.5802361256459,47925028.36111387,20.5802361256459,3.4394935557475526,True
2021,3,10085541,Neuquén,20.7481620211386,48609322.549750045,20.7481620211386,0.8159570884779255,False
2021,4,10489794,Neuquén,21.8175631190774,48079585.894850306,21.8175631190774,5.154196775836195,True
2022,1,10624009,Neuquén,22.0774604260943,48121517.57927296,22.0774604260943,1.1912297702471042,False
2022,2,10958684,Neuquén,23.8174575281712,46011141.14316404,23.8174575281712,7.881328144157029,True
2022,3,11091128,Neuquén,23.92,46367591.973244146,23.919999999999998,0.43053492047802067,False
2022,4,11208114,Neuquén,23.41,47877462.622810766,23.41,-2.132107023411367,False
2023,1,11241895,Neuquén,23.38,48083383.233532935,23.38,-0.128150363092705,False
2023,2,11251897,Neuquén,23.5,47880412.76595745,23.499999999999996,0.5132591958939114,False
2023,3,11406908,Neuquén,23.8,47928184.87394958,23.799999999999997,1.276595744680864,False
2023,4,11547661,Neuquén,23.78,48560391.08494533,23.78,-0.08403361344536675,False
2024,1,11633156,Neuquén,23.66,49168030.43110735,23.660000000000004,-0.5046257359125228,False
2024,2,11556107,Neuquén,23.49,49195857.81183483,23.49,-0.7185122569738134,False
2014,1,6398398,Río Negro,13.867842232252,46138381.82496372,13.867842232252,0.0,False
2014,2,6464468,Río Negro,13.9465694232689,46351671.18025797,13.946569423268897,0.5676960387810182,False
2014,3,6595271,Río Negro,14.1599328062096,46576993.62180416,14.1599328062096,1.5298628391346103,False
2014,4,6598496,Río Negro,13.8895301858479,47506977.64221886,13.889530185847898,-1.909632086976587,False
2015,1,6737732,Río Negro,13.9938752623861,48147720.868359,13.9938752623861,0.7512498633288622,False
2015,2,6816188,Río Negro,14.1434385659295,48193287.42601317,14.1434385659295,1.0687768808788078,False
2015,3,6935068,Río Negro,14.2198456021744,48770346.69729141,14.2198456021744,0.5402295622010778,False
2015,4,6984831,Río Negro,14.1850246582903,49240880.211778715,14.185024658290303,-0.2448756819045439,False
2016,1,6907356,Río Negro,14.1492946047505,48817670.371220596,14.149294604750501,-0.2518857344313341,False
2016,2,7130079,Río Negro,14.2242913561553,50126075.32757398,14.2242913561553,0.53003880051814,False
2016,3,7206950,Río Negro,14.2202015652272,50681067.824124426,14.2202015652272,-0.028752159427125612,False
2016,4,7251673,Río Negro,14.1702506094807,51175333.44927732,14.1702506094807,-0.35126756479068044,False
2017,1,7305854,Río Negro,14.1589456556382,51598856.1414582,14.158945655638199,-0.0797794912317018,False
2017,2,7429664,Río Negro,14.1565144707972,52482297.2160718,14.156514470797198,-0.01717066298670966,False
2017,3,7724943,Río Negro,14.9243619077237,51760624.995311625,14.924361907723698,5.423986522321278,True
2017,4,7870222,Río Negro,15.1878136627227,51819321.56118589,15.187813662722698,1.7652463577867206,False
2018,1,8037053,Río Negro,15.3235670915437,52448969.30320645,15.3235670915437,0.8938312770731205,False
2018,2,8110444,Río Negro,15.4255830893773,52577876.33055628,15.425583089377302,0.6657457576565218,False
2018,3,8347035,Río Negro,15.5465724582987,53690516.17254957,15.5465724582987,0.7843422723171845,False
2018,4,8473655,Río Negro,15.9520334449713,53119591.48801324,15.9520334449713,2.608041018431484,False
2019,1,8648135,Río Negro,16.478122478196,52482526.52232249,16.478122478196,3.2979433941103142,True
2019,2,8960181,Río Negro,18.7922767563462,47680124.74579017,18.7922767563462,14.043798261678852,True
2019,3,9164684,Río Negro,19.5084985912294,46977905.33260332,19.5084985912294,3.811256316461664,True
2019,4,8793181,Río Negro,17.1338703221798,51320459.619781435,17.1338703221798,-12.172275882456596,False
2020,1,8812426,Río Negro,16.9526360543075,51982629.55548348,16.9526360543075,-1.05775440378868,False
2020,2,9031056,Río Negro,17.3384537515365,52086859.240257725,17.3384537515365,2.2758566631940758,False
2020,3,9356199,Río Negro,17.54802558517,53317673.57295747,17.54802558517,1.2087112071047734,False
2020,4,9571562,Río Negro,18.7893190551718,50941505.50051683,18.7893190551718,7.073693071491927,True
2021,1,9647972,Río Negro,18.7249056578747,51524809.664088085,18.7249056578747,-0.34281922143084564,False
2021,2,9863084,Río Negro,19.0520518601284,51769143.14746951,19.0520518601284,1.7471180268196385,False
2021,3,10085541,Río Negro,19.059250627465,52916776.20035284,19.059250627465,0.037784735153212345,False
2021,4,10489794,Río Negro,20.2056135684454,51915246.050145425,20.2056135684454,6.014732495979946,True
2022,1,10624009,Río Negro,20.6182298408439,51527260.497185156,20.6182298408439,2.0420873189560984,False
2022,2,10958684,Río Negro,20.8675435273834,52515448.14376203,20.8675435273834,1.2091905486746546,False
2022,3,11091128,Río Negro,20.91,53042219.033955045,20.91,0.2034569740366754,False
2022,4,11208114,Río Negro,21.04,53270503.802281365,21.04,0.6217120994739256,False
2023,1,11241895,Río Negro,21.27,52853291.020216264,21.27,1.093155893536113,False
2023,2,11251897,Río Negro,21.09,53351811.28496918,21.09,-0.8462623413258097,False
2023,3,11406908,Río Negro,21.04,54215342.20532319,21.04,-0.23707918444760834,False
2023,4,11547661,Río Negro,21.61,53436654.326700605,21.61,2.709125475285168,False
2024,1,11633156,Río Negro,21.88,53167989.031078614,21.88,1.2494215640906914,False
2024,2,11556107,Río Negro,21.95,52647412.30068337,21.95,0.31992687385740126,False
2014,2,6464468,Salta,7.00401550152647,92296597.55309108,7.00401550152647,0.0,False
2014,3,6595271,Salta,7.05354927369401,93502869.88987029,7.05354927369401,0.7072196250385909,False
2014,4,6598496,Salta,7.10378588301479,92887033.88114579,7.10378588301479,0.712217457785913,False
2015,1,6737732,Salta,7.29464296478474,92365480.15477583,7.29464296478474,2.6866953046303044,False
2015,2,6816188,Salta,7.3784438043808,92379750.80806372,7.378443804380801,1.1487997425043917,False
2015,3,6935068,Salta,7.52537878306051,92155733.28495719,7.525378783060511,1.9914087926300894,False
2015,4,6984831,Salta,7.59985056808734,91907478.14608516,7.599850568087339,0.9896084592374566,False
2016,1,6907356,Salta,7.61131509310719,90751150.30062681,7.611315093107191,0.15085197948487838,False
2016,2,7130079,Salta,7.77081242802712,91754614.66916668,7.77081242802712,2.0955292609600384,False
2016,3,7206950,Salta,7.95537239122445,90592239.37712793,7.95537239122445,2.3750407683458485,False
2016,4,7251673,Salta,7.86548754842606,92196102.97966985,7.86548754842606,-1.1298634228303572,False
2017,1,7305854,Salta,7.89012629128218,92594893.03830606,7.89012629128218,0.3132513109254109,False
2017,2,7429664,Salta,7.9299418666242,93691279.51959161,7.9299418666242,0.5046253237544818,False
2017,3,7724943,Salta,9.64942748439008,80055972.36205645,9.64942748439008,21.68345804655778,True
2017,4,7870222,Salta,9.63881653575366,81651331.06130467,9.63881653575366,-0.10996454093866737,False
2018,1,8037053,Salta,9.63384544384639,83425181.01256919,9.63384544384639,-0.051573674930227575,False
2018,2,8110444,Salta,9.67310280884578,83845319.95858896,9.673102808845782,0.4074942371477208,False
2018,3,8347035,Salta,9.54934134172116,87409536.44134311,9.54934134172116,-1.2794391786205894,False
2018,4,8473655,Salta,9.63988499012216,87902034.19110106,9.63988499012216,0.9481664248969235,False
2019,1,8648135,Salta,9.71178101440345,89047878.93357597,9.71178101440345,0.7458182784852774,False
2019,2,8960181,Salta,10.146610869132,88307131.47045627,10.146610869132,4.477344104893399,True
2019,3,9164684,Salta,10.7718546234161,85079907.96754351,10.771854623416102,6.162094539233975,True
2019,4,8793181,Salta,12.1954928055468,72101891.57752323,12.195492805546799,13.216277344069983,True
2020,1,8812426,Salta,12.0116972009766,73365369.21096806,12.0116972009766,-1.5070781271471323,False
2020,2,9031056,Salta,12.4928228219153,72289955.03047909,12.492822821915302,4.005475769898559,True
2020,3,9356199,Salta,12.6702393071254,73843901.233486,12.6702393071254,1.420147293683427,False
2020,4,9571562,Salta,13.0883890574111,73130176.3571908,13.0883890574111,3.3002514013333872,True
2021,1,9647972,Salta,13.0611284262362,73867828.91300485,13.061128426236202,-0.20828102721672792,False
2021,2,9863084,Salta,13.3034413913845,74139342.6695402,13.3034413913845,1.8552222843284838,False
2021,3,10085541,Salta,13.5535260221222,74412673.00876746,13.5535260221222,1.8798491561714314,False
2021,4,10489794,Salta,13.7593376914977,76237637.56072323,13.7593376914977,1.5185101577225968,False
2022,1,10624009,Salta,13.5881660533538,78185746.02551171,13.5881660533538,-1.2440398075967862,False
2022,2,10958684,Salta,13.9360105574487,78635732.62107398,13.9360105574487,2.5599076632497164,False
2022,3,11091128,Salta,13.99,79278970.6933524,13.99,0.38740959852705537,False
2022,4,11208114,Salta,14.04,79829871.79487179,14.04,0.3573981415296634,False
2023,1,11241895,Salta,13.97,80471689.33428775,13.970000000000002,-0.4985754985754709,False
2023,2,11251897,Salta,13.92,80832593.3908046,13.919999999999998,-0.35790980672874007,False
2023,3,11406908,Salta,13.94,81828608.32137734,13.94,0.1436781609195581,False
2023,4,11547661,Salta,13.8,83678702.89855072,13.8,-1.0043041606886516,False
2024,1,11633156,Salta,13.63,85349640.49889949,13.63,-1.231884057971011,False
2024,2,11556107,Salta,13.49,85664247.590808,13.489999999999998,-1.0271460014673717,False
2014,2,6464468,San Juan,7.07777106262497,91334799.3711807,7.0777710626249695,0.0,False
2014,3,6595271,San Juan,7.07524804156139,93216110.03964934,7.07524804156139,-0.035647113211989545,False
2014,4,6598496,San Juan,7.10096175461973,92923976.04742995,7.100961754619731,0.36343196602144356,False
2015,1,6737732,San Juan,7.03958245314213,95712097.19963719,7.03958245314213,-0.8643801163647824,False
2015,2,6816188,San Juan,7.04209707875153,96792019.81703466,7.04209707875153,0.03572123241879499,False
2015,3,6935068,San Juan,7.02746288735124,98685231.23021336,7.02746288735124,-0.2078101343482741,False
2015,4,6984831,San Juan,7.00715004316423,99681481.87170613,7.00715004316423,-0.2890494693834955,False
2016,1,6907356,San Juan,6.98238758065924,98925416.5599877,6.98238758065924,-0.35338850106608755,False
2016,2,7130079,San Juan,6.96499758294645,102370157.56412818,6.96499758294645,-0.24905517649806974,False
2016,3,7206950,San Juan,6.93918862981469,103858684.12677032,6.93918862981469,-0.3705522195004307,False
2016,4,7251673,San Juan,6.91328731665229,104894714.5959438,6.913287316652289,-0.3732614076970675,False
2017,1,7305854,San Juan,6.88739031200583,106075794.59036496,6.88739031200583,-0.3745975461497131,False
2017,2,7429664,San Juan,6.86906267170671,108161249.28663667,6.86906267170671,-0.26610427852726826,False
2017,3,7724943,San Juan,8.24511556549592,93691142.81826766,8.24511556549592,20.032615213384155,True
2017,4,7870222,San Juan,7.71852860282045,101965314.95814008,7.71852860282045,-6.386653510099083,False
2018,1,8037053,San Juan,8.30680071057099,96752688.30961941,8.30680071057099,7.621557657188416,True
2018,2,8110444,San Juan,8.39284171164165,96635255.12163612,8.39284171164165,1.03578987950399,False
2018,3,8347035,San Juan,8.41935795556925,99140992.03346723,8.41935795556925,0.31593880640952143,False
2018,4,8473655,San Juan,8.12506754829948,104290271.43009385,8.12506754829948,-3.4954020107329287,False
2019,1,8648135,San Juan,8.10898201726592,106648836.82792856,8.10898201726592,-0.19797412068195408,False
2019,2,8960181,San Juan,9.06854016252792,98805109.0849697,9.06854016252792,11.833275042648728,True
2019,3,9164684,San Juan,9.44094148522601,97073835.42564775,9.440941485226007,4.106518976856766,True
2019,4,8793181,San Juan,8.36915261267133,105066562.97181949,8.36915261267133,-11.352563451769127,False
2020,1,8812426,San Juan,8.25127788119013,106800741.98069465,8.25127788119013,-1.4084428488343126,False
2020,2,9031056,San Juan,8.93978645060613,101020936.57268158,8.93978645060613,8.344265934680806,True
2020,3,9356199,San Juan,9.88083251128296,94690391.61746867,9.88083251128296,10.526493735351217,True
2020,4,9571562,San Juan,9.25185812016353,103455564.01410553,9.25185812016353,-6.3656011818963965,False
2021,1,9647972,San Juan,9.94836869480331,96980442.68342982,9.94836869480331,7.528331775017216,True
2021,2,9863084,San Juan,10.0067190669371,98564613.7762408,10.0067190669371,0.5865320629327764,False
2021,3,10085541,San Juan,10.0502366420225,100351278.87267733,10.0502366420225,0.43488354968599374,False
2021,4,10489794,San Juan,10.0841332359703,104022762.8348136,10.0841332359703,0.3372716002135734,False
2022,1,10624009,San Juan,11.0921164686066,95779818.30670947,11.0921164686066,9.995734973441284,True
2022,2,10958684,San Juan,12.5979124556312,86988094.56404443,12.5979124556312,13.575371222312448,True
2022,3,11091128,San Juan,12.94,85711962.90571871,12.94,2.715430398279106,False
2022,4,11208114,San Juan,12.96,86482361.1111111,12.960000000000003,0.15455950540961272,False
2023,1,11241895,San Juan,12.67,88728453.03867403,12.67,-2.23765432098767,False
2023,2,11251897,San Juan,12.1,92990884.29752067,12.1,-4.498816101026049,False
2023,3,11406908,San Juan,12.85,88769712.06225681,12.85,6.198347107438007,True
2023,4,11547661,San Juan,12.75,90569890.19607843,12.75,-0.7782101167315147,False
2024,1,11633156,San Juan,13.15,88465064.63878326,13.15,3.1372549019607954,True
2024,2,11556107,San Juan,13.03,88688465.08058327,13.03,-0.9125475285171158,False
2014,2,6464468,San Luis,2.78151226486048,232408394.5869013,2.78151226486048,0.0,False
2014,3,6595271,San Luis,2.77005134128578,238092013.0144108,2.77005134128578,-0.412039296733957,False
2014,4,6598496,San Luis,2.7819569555272,237189004.19685104,2.7819569555272,0.42979760208681217,False
2015,1,6737732,San Luis,2.79040145762204,241461026.3908709,2.79040145762204,0.3035453901636398,False
2015,2,6816188,San Luis,2.77861844594083,245308527.695031,2.77861844594083,-0.4222694067559596,False
2015,3,6935068,San Luis,2.76881185526522,250470900.96830365,2.76881185526522,-0.35293045325945904,False
2015,4,6984831,San Luis,2.75929157725098,253138561.27371755,2.75929157725098,-0.34383983137518115,False
2016,1,6907356,San Luis,2.75295018391838,250907409.81620285,2.75295018391838,-0.22981961692203345,False
2016,2,7130079,San Luis,2.74873045396768,259395350.66845214,2.74873045396768,-0.1532802872841632,False
2016,3,7206950,San Luis,2.74724252738872,262333955.89031863,2.74724252738872,-0.054131410986912876,False
2016,4,7251673,San Luis,2.74102682939389,264560453.1205383,2.74102682939389,-0.2262522486770835,False
2017,1,7305854,San Luis,2.73198352638775,267419401.67039943,2.73198352638775,-0.3299239142485866,False
2017,2,7429664,San Luis,2.72299969919519,272848506.08672166,2.72299969919519,-0.32883899576211517,False
2017,3,7724943,San Luis,4.42980917494065,174385457.5881025,4.42980917494065,62.68122160461218,True
2017,4,7870222,San Luis,3.0299272402738,259749537.72450346,3.0299272402738,-31.60140492249547,False
2018,1,8037053,San Luis,4.33561502267505,185372846.9425125,4.33561502267505,43.093040817813886,True
2018,2,8110444,San Luis,4.33613750896293,187043053.48332384,4.33613750896293,0.012051030480053626,False
2018,3,8347035,San Luis,14.9833598756571,55708699.97964283,14.9833598756571,245.54623428537568,True
2018,4,8473655,San Luis,19.3325493092293,43831027.478381775,19.3325493092293,29.02679685774727,True
2019,1,8648135,San Luis,19.2717794012915,44874605.608138315,19.2717794012915,-0.31433985743819504,False
2019,2,8960181,San Luis,23.4082266301606,38277914.604838766,23.408226630160595,21.463753516148532,True
2019,3,9164684,San Luis,24.3909711661747,37574084.02298284,24.390971166174698,4.1982870020058405,True
2019,4,8793181,San Luis,21.4413528932678,41010383.270921774,21.4413528932678,-12.093074329887344,False
2020,1,8812426,San Luis,21.8387693863723,40352209.6144258,21.838769386372295,1.8535047442331587,False
2020,2,9031056,San Luis,22.4402866477222,40244833.50758221,22.4402866477222,2.754355113641438,False
2020,3,9356199,San Luis,22.8839263803681,40885461.893578686,22.8839263803681,1.9769789023213358,False
2020,4,9571562,San Luis,23.3753143684741,40947308.126512334,23.375314368474097,2.147306279256145,False
2021,1,9647972,San Luis,23.248835158317,41498732.879735485,23.248835158317,-0.5410802531395142,False
2021,2,9863084,San Luis,23.8905552767436,41284448.54356849,23.8905552767436,2.760224820111179,False
2021,3,10085541,San Luis,22.8574088187895,44123728.45914788,22.8574088187895,-4.3244974676659,False
2021,4,10489794,San Luis,22.9789562419762,45649566.88867376,22.9789562419762,0.5317637889329818,False
2022,1,10624009,San Luis,23.1016562316874,45988083.6830546,23.1016562316874,0.5339667668937009,False
2022,2,10958684,San Luis,23.3969726787719,46838042.47009626,23.396972678771895,1.2783345233898125,False
2022,3,11091128,San Luis,23.39,47418247.11415134,23.390000000000004,-0.029801628046599582,False
2022,4,11208114,San Luis,25.83,43391846.68989547,25.83,10.431808465156035,True
2023,1,11241895,San Luis,25.8,43573236.434108526,25.8,-0.11614401858303092,False
2023,2,11251897,San Luis,26.73,42094638.982416764,26.729999999999997,3.604651162790673,True
2023,3,11406908,San Luis,28.2,40450028.36879433,28.199999999999996,5.499438832772152,True
2023,4,11547661,San Luis,29.21,39533245.46388223,29.21,3.581560283687968,True
2024,1,11633156,San Luis,29.39,39582021.09561075,29.39,0.6162273194111556,False
2024,2,11556107,San Luis,29.59,39054095.97837107,29.59,0.6805035726437536,False
2014,2,6464468,Santa Cruz,8.7446731811569,73924638.07486476,8.744673181156898,0.0,False
2014,3,6595271,Santa Cruz,8.34323913237982,79049286.4384527,8.34323913237982,-4.590612370077962,False
2014,4,6598496,Santa Cruz,8.15757414246012,80887968.46669,8.15757414246012,-2.225334632914211,False
2015,1,6737732,Santa Cruz,8.39189695742154,80288545.41691379,8.39189695742154,2.8724570671294414,False
2015,2,6816188,Santa Cruz,8.05806385021754,84588408.91185029,8.05806385021754,-3.9780410662546117,False
2015,3,6935068,Santa Cruz,8.15935448203892,84995302.20516923,8.15935448203892,1.257009546016996,False
2015,4,6984831,Santa Cruz,8.143243109871939,85774560.64810821,8.143243109871939,-0.1974589068589494,False
2016,1,6907356,Santa Cruz,8.05141980281112,85790533.46079811,8.05141980281112,-1.1276012004296287,False
2016,2,7130079,Santa Cruz,7.95535776752335,89626126.29575962,7.955357767523349,-1.1931067766983272,False
2016,3,7206950,Santa Cruz,7.93248460752977,90853627.28796133,7.93248460752977,-0.2875189358165109,False
2016,4,7251673,Santa Cruz,7.94078021526284,91321920.55966593,7.94078021526284,0.10457767198432943,False
2017,1,7305854,Santa Cruz,7.89382704275053,92551483.08208111,7.89382704275053,-0.5912916771334542,False
2017,2,7429664,Santa Cruz,7.81200042630289,95105780.7803547,7.812000426302889,-1.0365899329247141,False
2017,3,7724943,Santa Cruz,9.90736656374063,77971708.73107743,9.90736656374063,26.822401729301948,True
2017,4,7870222,Santa Cruz,8.60382164860814,91473560.48777677,8.60382164860814,-13.157330020504698,False
2018,1,8037053,Santa Cruz,9.98473486255572,80493404.2879814,9.984734862555719,16.04999813275967,True
2018,2,8110444,Santa Cruz,9.91958805094006,81761903.40113357,9.91958805094006,-0.6524641115906782,False
2018,3,8347035,Santa Cruz,9.7389874592526,85707421.17621103,9.7389874592526,-1.8206460869143126,False
2018,4,8473655,Santa Cruz,7.04908001650705,120209374.55890666,7.049080016507051,-27.619990825534767,False
2019,1,8648135,Santa Cruz,7.04269163445306,122795877.61152373,7.04269163445306,-0.09062717459626946,False
2019,2,8960181,Santa Cruz,8.58406482865588,104381562.56798697,8.58406482865588,21.88613777525592,True
2019,3,9164684,Santa Cruz,10.6015551925842,86446599.89518054,10.6015551925842,23.502739135815975,True
2019,4,8793181,Santa Cruz,10.9234277977238,80498367.02204691,10.923427797723798,3.0360885671259608,True
2020,1,8812426,Santa Cruz,10.7041725372986,82327017.51857208,10.7041725372986,-2.007201992682972,False
2020,2,9031056,Santa Cruz,10.6506751720812,84793272.29576266,10.6506751720812,-0.4997804830872088,False
2020,3,9356199,Santa Cruz,10.6972070325265,87463942.42488755,10.6972070325265,0.43689118007534944,False
2020,4,9571562,Santa Cruz,11.0086826606617,86945571.01008016,11.0086826606617,2.911747217643934,False
2021,1,9647972,Santa Cruz,12.3918254034438,77857552.74859458,12.3918254034438,12.564107672252245,True
2021,2,9863084,Santa Cruz,13.096756425785,75309364.23755641,13.096756425785,5.688677812917642,True
2021,3,10085541,Santa Cruz,13.0162543718839,77484203.30341373,13.016254371883901,-0.6146716888053683,False
2021,4,10489794,Santa Cruz,12.8088213538475,81895076.13711146,12.808821353847499,-1.593646006830307,False
2022,1,10624009,Santa Cruz,12.8942973288096,82393082.22141646,12.8942973288096,0.6673211578239746,False
2022,2,10958684,Santa Cruz,12.8396228385264,85350513.31194495,12.839622838526402,-0.42402070379623513,False
2022,3,11091128,Santa Cruz,12.85,86312280.15564202,12.85,0.08082138863503285,False
2022,4,11208114,Santa Cruz,12.95,86549142.85714285,12.950000000000001,0.778210116731537,False
2023,1,11241895,Santa Cruz,12.92,87011571.20743033,12.920000000000002,-0.23166023166022454,False
2023,2,11251897,Santa Cruz,12.39,90814342.21146084,12.39,-4.102167182662542,False
2023,3,11406908,Santa Cruz,12.17,93729728.8414133,12.17,-1.7756255044390712,False
2023,4,11547661,Santa Cruz,21.94,52632912.48860528,21.94,80.27937551355795,True
2024,1,11633156,Santa Cruz,20.1,57876398.00995024,20.1,-8.386508659981773,False
2024,2,11556107,Santa Cruz,20.8,55558206.730769224,20.8,3.482587064676612,True
2014,2,6464468,Santa Fe,15.2169574282303,42482000.95511343,15.216957428230298,0.0,False
2014,3,6595271,Santa Fe,15.4379886546179,42721050.95780844,15.437988654617902,1.452532330658629,False
2014,4,6598496,Santa Fe,15.6575328569008,42142629.11217089,15.657532856900803,1.4221036638554008,False
2015,1,6737732,Santa Fe,15.8327732920364,42555602.07755238,15.8327732920364,1.1192084777159605,False
2015,2,6816188,Santa Fe,16.0930258586793,42354918.58309474,16.0930258586793,1.6437585623347628,False
2015,3,6935068,Santa Fe,16.3639671637834,42380114.37317374,16.3639671637834,1.683594542650746,False
2015,4,6984831,Santa Fe,16.4749431693188,42396692.53007085,16.4749431693188,0.678172990844228,False
2016,1,6907356,Santa Fe,16.1578043492324,42749347.9355575,16.1578043492324,-1.9249767166238496,False
2016,2,7130079,Santa Fe,16.48911930902,43241114.73982514,16.48911930902,2.050494934996161,False
2016,3,7206950,Santa Fe,16.5293619323644,43600896.57114249,16.5293619323644,0.2440556259568405,False
2016,4,7251673,Santa Fe,16.3450119715011,44366275.2443614,16.3450119715011,-1.1152878230728414,False
2017,1,7305854,Santa Fe,16.3422547458363,44705299.933360755,16.3422547458363,-0.016868911871148473,False
2017,2,7429664,Santa Fe,16.4365192755623,45202173.74153159,16.4365192755623,0.5768147124864509,False
2017,3,7724943,Santa Fe,19.1521648988496,40334568.132629275,19.1521648988496,16.52202377984553,True
2017,4,7870222,Santa Fe,19.405680474329,40556279.43792645,19.405680474329003,1.323691482494671,False
2018,1,8037053,Santa Fe,19.5846823687574,41037443.69539107,19.5846823687574,0.9224200855269649,False
2018,2,8110444,Santa Fe,19.6755915306821,41220839.47185314,19.675591530682098,0.4641850207880882,False
2018,3,8347035,Santa Fe,19.9391069827321,41862632.0989641,19.939106982732095,1.3393012943934801,False
2018,4,8473655,Santa Fe,20.6237364064387,41086905.07387662,20.623736406438695,3.4336012354992063,True
2019,1,8648135,Santa Fe,21.0598949173879,41064473.65442336,21.059894917387904,2.114837497695321,False
2019,2,8960181,Santa Fe,21.2011304851442,42262751.06546073,21.2011304851442,0.6706375711290402,False
2019,3,9164684,Santa Fe,21.6564247463616,42318545.6848768,21.656424746361605,2.14749992476313,False
2019,4,8793181,Santa Fe,21.8483506557326,40246429.30056981,21.848350655732595,0.8862308142678854,False
2020,1,8812426,Santa Fe,21.8613245878736,40310576.62850046,21.861324587873597,0.05938174622621695,False
2020,2,9031056,Santa Fe,22.0118993487247,41028063.30760017,22.0118993487247,0.6887723579870775,False
2020,3,9356199,Santa Fe,22.6777105226816,41257246.80470806,22.677710522681604,3.0247783864933986,True
2020,4,9571562,Santa Fe,23.1367697431769,41369482.88912579,23.1367697431769,2.024274981533769,False
2021,1,9647972,Santa Fe,23.2423821861305,41510254.51150728,23.2423821861305,0.45647013012586335,False
2021,2,9863084,Santa Fe,23.6047874530137,41784252.5361979,23.6047874530137,1.5592432134579504,False
2021,3,10085541,Santa Fe,23.5881524458178,42756807.77952652,23.5881524458178,-0.07047302259768351,False
2021,4,10489794,Santa Fe,24.2396579975196,43275338.295092285,24.2396579975196,2.7620033116129594,False
2022,1,10624009,Santa Fe,24.3073969989344,43706897.124631405,24.3073969989344,0.27945526880672755,False
2022,2,10958684,Santa Fe,24.4959067991646,44736796.59972306,24.4959067991646,0.7755244226210767,False
2022,3,11091128,Santa Fe,24.7,44903352.226720646,24.7,0.833172670473914,False
2022,4,11208114,Santa Fe,24.65,45469022.31237323,24.65,-0.2024291497975783,False
2023,1,11241895,Santa Fe,24.57,45754558.404558405,24.57,-0.32454361054765624,False
2023,2,11251897,Santa Fe,24.79,45388854.37676483,24.79,0.8954008954008996,False
2023,3,11406908,Santa Fe,24.87,45866135.906714916,24.87,0.32271077047196783,False
2023,4,11547661,Santa Fe,25.08,46043305.422647536,25.08,0.8443908323281013,False
2024,1,11633156,Santa Fe,25.28,46017231.01265822,25.28,0.797448165869219,False
2024,2,11556107,Santa Fe,25.58,45176336.982017204,25.58,1.186708860759489,False
2014,2,6464468,Santiago Del Estero,4.14368314793901,156007777.84409758,4.14368314793901,0.0,False
2014,3,6595271,Santiago Del Estero,4.08216959029359,161562885.96343365,4.08216959029359,-1.4845140289265313,False
2014,4,6598496,Santiago Del Estero,4.26296198713424,154786648.8116591,4.26296198713424,4.428831111537601,True
2015,1,6737732,Santiago Del Estero,4.24446895477843,158741460.28125972,4.24446895477843,-0.43380711373036673,False
2015,2,6816188,Santiago Del Estero,4.24666870850714,160506704.61638483,4.24666870850714,0.05182635924885215,False
2015,3,6935068,Santiago Del Estero,4.2373027191788,163667041.50285572,4.2373027191788,-0.22054909321223004,False
2015,4,6984831,Santiago Del Estero,4.19782273142194,166391757.03434265,4.19782273142194,-0.9317245043212519,False
2016,1,6907356,Santiago Del Estero,4.03285507054127,171277069.94620383,4.03285507054127,-3.929838667217611,False
2016,2,7130079,Santiago Del Estero,3.94345309540957,180808008.29861182,3.94345309540957,-2.2168407633776255,False
2016,3,7206950,Santiago Del Estero,3.79448087117706,189932437.26023534,3.79448087117706,-3.7777100583730294,False
2016,4,7251673,Santiago Del Estero,3.71972042933157,194952097.55059785,3.7197204293315704,-1.9702416320865113,False
2017,1,7305854,Santiago Del Estero,3.648850889801,200223418.84182733,3.6488508898010004,-1.9052383338203027,False
2017,2,7429664,Santiago Del Estero,3.50415323861831,212024517.59585497,3.50415323861831,-3.9655676691842445,False
2017,3,7724943,Santiago Del Estero,8.71651583615132,88624206.56612794,8.71651583615132,148.7481352153494,True
2017,4,7870222,Santiago Del Estero,7.22868794966673,108874833.92284,7.22868794966673,-17.06906652212914,False
2018,1,8037053,Santiago Del Estero,8.68350419053065,92555411.08351621,8.68350419053065,20.125591960723565,True
2018,2,8110444,Santiago Del Estero,8.75016058933937,92689087.44236353,8.75016058933937,0.7676209666761968,False
2018,3,8347035,Santiago Del Estero,8.99651744351393,92780734.90556973,8.996517443513932,2.815455232612618,False
2018,4,8473655,Santiago Del Estero,9.2821177795649,91290104.27615155,9.2821177795649,3.1745654676284873,True
2019,1,8648135,Santiago Del Estero,9.3116162809496,92874692.63196552,9.3116162809496,0.3177992575104316,False
2019,2,8960181,Santiago Del Estero,13.101581339389,68390072.67818758,13.101581339389002,40.701473773067676,True
2019,3,9164684,Santiago Del Estero,13.7252880483641,66772252.55824287,13.725288048364098,4.7605452564719375,True
2019,4,8793181,Santiago Del Estero,10.6519742883379,82549776.80172431,10.651974288337902,-22.391615747492455,False
2020,1,8812426,Santiago Del Estero,10.5392121668386,83615604.8525914,10.5392121668386,-1.0586030199374097,False
2020,2,9031056,Santiago Del Estero,10.7876486349067,83716630.9883072,10.787648634906699,2.3572584376828187,False
2020,3,9356199,Santiago Del Estero,10.7648413009404,86914416.46411133,10.7648413009404,-0.21142080853929768,False
2020,4,9571562,Santiago Del Estero,10.8574371648052,88156733.99452484,10.8574371648052,0.8601693353037287,False
2021,1,9647972,Santiago Del Estero,11.3348711690326,85117614.97879846,11.3348711690326,4.39729926114627,True
2021,2,9863084,Santiago Del Estero,11.5543888752169,85362229.94151951,11.5543888752169,1.9366581490933399,False
2021,3,10085541,Santiago Del Estero,11.6607366908917,86491456.47785617,11.6607366908917,0.9204105628027426,False
2021,4,10489794,Santiago Del Estero,11.6754404704801,89844952.97219956,11.6754404704801,0.1260964892542793,False
2022,1,10624009,Santiago Del Estero,11.7068821320295,90750115.01937985,11.7068821320295,0.2692974336077292,False
2022,2,10958684,Santiago Del Estero,11.8367379681289,92581959.90742458,11.836737968128897,1.1092264758019388,False
2022,3,11091128,Santiago Del Estero,11.91,93124500.41981529,11.91,0.6189376842535843,False
2022,4,11208114,Santiago Del Estero,11.92,94027802.01342282,11.92,0.08396305625524292,False
2023,1,11241895,Santiago Del Estero,11.8,95270296.61016949,11.8,-1.0067114093959662,False
2023,2,11251897,Santiago Del Estero,11.7,96170059.82905984,11.7,-0.8474576271186529,False
2023,3,11406908,Santiago Del Estero,12.08,94428046.35761589,12.08,3.2478632478632585,True
2023,4,11547661,Santiago Del Estero,12.18,94808382.59441708,12.18,0.8278145695364225,False
2024,1,11633156,Santiago Del Estero,12.26,94887079.93474714,12.26,0.6568144499178974,False
2024,2,11556107,Santiago Del Estero,12.33,93723495.53933495,12.33,0.5709624796084833,False
2014,2,6464468,Tierra Del Fuego,19.0863143365562,33869650.71416928,19.0863143365562,0.0,False
2014,3,6595271,Tierra Del Fuego,19.3443922627806,34093968.47627811,19.3443922627806,1.3521621915767223,False
2014,4,6598496,Tierra Del Fuego,19.3418822807275,34115066.48747845,19.3418822807275,-0.012975243776103262,False
2015,1,6737732,Tierra Del Fuego,22.1671547645866,30395114.174796775,22.1671547645866,14.607019331692639,True
2015,2,6816188,Tierra Del Fuego,22.0959537800472,30848127.525298614,22.0959537800472,-0.32120037639267185,False
2015,3,6935068,Tierra Del Fuego,22.0480211219742,31454378.429854423,22.0480211219742,-0.2169295724915976,False
2015,4,6984831,Tierra Del Fuego,19.4419202409388,35926651.86071518,19.4419202409388,-11.820112411077233,False
2016,1,6907356,Tierra Del Fuego,19.6541853628346,35144453.31863806,19.6541853628346,1.0917909304495321,False
2016,2,7130079,Tierra Del Fuego,20.0813268442623,35506015.39079689,20.0813268442623,2.173285097002342,False
2016,3,7206950,Tierra Del Fuego,20.3071031925247,35489798.47924823,20.3071031925247,1.1243099124543576,False
2016,4,7251673,Tierra Del Fuego,20.5713238639236,35251367.62207815,20.5713238639236,1.3011243843787712,False
2017,1,7305854,Tierra Del Fuego,20.4354867056667,35750819.66593978,20.4354867056667,-0.6603228803135908,False
2017,2,7429664,Tierra Del Fuego,20.3013051150784,36596977.17897832,20.3013051150784,-0.6566106915921632,False
2017,3,7724943,Tierra Del Fuego,19.4927643968679,39629797.2043475,19.4927643968679,-3.9827031495131338,False
2017,4,7870222,Tierra Del Fuego,17.7584933530281,44318072.73029727,17.7584933530281,-8.896998950638647,False
2018,1,8037053,Tierra Del Fuego,19.3315233343117,41574856.05769598,19.3315233343117,8.857902244366777,True
2018,2,8110444,Tierra Del Fuego,27.1623165159911,29859176.389558632,27.1623165159911,40.507895038879084,True
2018,3,8347035,Tierra Del Fuego,27.5060216962167,30346209.612523098,27.5060216962167,1.2653750648375262,False
2018,4,8473655,Tierra Del Fuego,27.7487853158179,30537030.37289233,27.748785315817905,0.8825835385514846,False
2019,1,8648135,Tierra Del Fuego,27.6849257912618,31237703.381273333,27.6849257912618,-0.23013448635426093,False
2019,2,8960181,Tierra Del Fuego,28.1075638215957,31878184.309647225,28.1075638215957,1.526599830971187,False
2019,3,9164684,Tierra Del Fuego,28.5989251932121,32045553.943318192,28.5989251932121,1.7481464232729893,False
2019,4,8793181,Tierra Del Fuego,23.6275467526162,37215801.928426445,23.6275467526162,-17.38309536812889,False
2020,1,8812426,Tierra Del Fuego,22.5525532508604,39075070.1349693,22.5525532508604,-4.549746586097736,False
2020,2,9031056,Tierra Del Fuego,22.6423924473359,39885608.47094845,22.6423924473359,0.3983548801600678,False
2020,3,9356199,Tierra Del Fuego,22.7715153638102,41087291.954532854,22.771515363810195,0.5702706406782054,False
2020,4,9571562,Tierra Del Fuego,22.6095691431376,42334119.413793154,22.6095691431376,-0.7111789359875997,False
2021,1,9647972,Tierra Del Fuego,22.9312154304354,42073530.85695908,22.931215430435397,1.4226113079002456,False
2021,2,9863084,Tierra Del Fuego,20.1266479457771,49005100.236124694,20.1266479457771,-12.230348160856497,False
2021,3,10085541,Tierra Del Fuego,28.1501701128294,35827637.84224355,28.150170112829397,39.8651687487571,True
2021,4,10489794,Tierra Del Fuego,29.1710078391825,35959655.75762558,29.1710078391825,3.6263998486028903,True
2022,1,10624009,Tierra Del Fuego,29.1386510406859,36460195.03499267,29.138651040685897,-0.11092108532891887,False
2022,2,10958684,Tierra Del Fuego,29.604955264969,37016384.257020675,29.604955264969007,1.600294480454889,False
2022,3,11091128,Tierra Del Fuego,29.5,37597044.06779661,29.5,-0.3545192486515858,False
2022,4,11208114,Tierra Del Fuego,30.07,37273408.71300299,30.070000000000004,1.9322033898305113,False
2023,1,11241895,Tierra Del Fuego,30.9,36381537.21682848,30.9,2.76022613900897,False
2023,2,11251897,Tierra Del Fuego,31.54,35675006.34115409,31.540000000000003,2.071197411003256,False
2023,3,11406908,Tierra Del Fuego,31.41,36316166.82585164,31.41,-0.4121750158528892,False
2023,4,11547661,Tierra Del Fuego,32.75,35260033.58778626,32.75,4.266157274753257,True
2024,1,11633156,Tierra Del Fuego,32.54,35750325.75291949,32.54,-0.6412213740458084,False
2024,2,11556107,Tierra Del Fuego,32.28,35799587.980173476,32.28,-0.7990165949600447,False
2014,2,6464468,Tucumán,8.40948858817327,76871119.23894326,8.40948858817327,0.0,False
2014,3,6595271,Tucumán,8.38167843005843,78686757.73038483,8.38167843005843,-0.3306997544886392,False
2014,4,6598496,Tucumán,8.69321535229523,75903974.91139834,8.69321535229523,3.7168799165518296,True
2015,1,6737732,Tucumán,8.71860866450986,77279899.34250341,8.718608664509858,0.292104948348304,False
2015,2,6816188,Tucumán,8.84118769070267,77095840.94869804,8.84118769070267,1.4059471058929907,False
2015,3,6935068,Tucumán,9.04046893117945,76711374.73944317,9.040468931179449,2.2540098394963515,False
2015,4,6984831,Tucumán,9.12260741910043,76566168.8496595,9.12260741910043,0.9085644621563249,False
2016,1,6907356,Tucumán,9.12710614274777,75679584.43748851,9.12710614274777,0.04931401123238199,False
2016,2,7130079,Tucumán,9.22451233434258,77294915.34696022,9.22451233434258,1.0672187884240403,False
2016,3,7206950,Tucumán,9.35861636036972,77008712.85330991,9.35861636036972,1.4537790309832932,False
2016,4,7251673,Tucumán,9.34955339748364,77561704.73288845,9.34955339748364,-0.09684084203364085,False
2017,1,7305854,Tucumán,9.38885279995182,77814128.68713301,9.388852799951819,0.4203345421692095,False
2017,2,7429664,Tucumán,9.45982373143856,78539137.84152685,9.45982373143856,0.7559063178315562,False
2017,3,7724943,Tucumán,9.83344845550024,78557822.66981967,9.83344845550024,3.949594988963545,True
2017,4,7870222,Tucumán,9.8832869606512,79631624.89700127,9.8832869606512,0.5068263221848834,False
2018,1,8037053,Tucumán,10.2001773500551,78793267.255854,10.2001773500551,3.2063258981101184,True
2018,2,8110444,Tucumán,10.2836712071486,78867204.48979445,10.2836712071486,0.8185529940128999,False
2018,3,8347035,Tucumán,10.325137534987,80841877.1344774,10.325137534987,0.40322494761961813,False
2018,4,8473655,Tucumán,10.3441204364396,81917598.04100458,10.3441204364396,0.18385131808922317,False
2019,1,8648135,Tucumán,10.3126309673915,83859638.02394722,10.312630967391502,-0.3044190102153843,False
2019,2,8960181,Tucumán,9.94246044080586,90120358.57065734,9.94246044080586,-3.5894867930028718,False
2019,3,9164684,Tucumán,9.78157418438212,93693344.51946308,9.78157418438212,-1.6181734630135503,False
2019,4,8793181,Tucumán,11.8031812807121,74498398.27817588,11.8031812807121,20.667502573949758,True
2020,1,8812426,Tucumán,11.8524649017937,74350998.48864657,11.852464901793702,0.4175452355555942,False
2020,2,9031056,Tucumán,12.8267966617582,70407727.18355459,12.8267966617582,8.220499010438287,True
2020,3,9356199,Tucumán,13.1849907035556,70960982.91125007,13.184990703555599,2.792544789185891,False
2020,4,9571562,Tucumán,13.5701698084289,70533841.02868612,13.5701698084289,2.9213452897576264,False
2021,1,9647972,Tucumán,13.5789638246782,71050870.48295927,13.5789638246782,0.06480402510391503,False
2021,2,9863084,Tucumán,13.606163819728,72489822.48544742,13.606163819728001,0.2003097983100055,False
2021,3,10085541,Tucumán,13.5334467757118,74523077.28508835,13.533446775711798,-0.5344419263184852,False
2021,4,10489794,Tucumán,13.8528804464241,75722836.4206938,13.852880446424102,2.36032753522617,False
2022,1,10624009,Tucumán,14.2155333342981,74735212.18065904,14.2155333342981,2.617887949560771,False
2022,2,10958684,Tucumán,14.6914572899128,74592219.02734092,14.6914572899128,3.347914878905245,True
2022,3,11091128,Tucumán,15.14,73257120.21136063,15.14,3.05308521296368,True
2022,4,11208114,Tucumán,15.12,74127738.09523809,15.120000000000001,-0.13210039630118242,False
2023,1,11241895,Tucumán,14.95,75196622.0735786,14.95,-1.1243386243386388,False
2023,2,11251897,Tucumán,15.05,74763435.21594685,15.049999999999999,0.6688963210702337,False
2023,3,11406908,Tucumán,15.17,75193856.2953197,15.17,0.7973421926910307,False
2023,4,11547661,Tucumán,15.12,76373419.31216931,15.120000000000001,-0.3295978905734964,False
2024,1,11633156,Tucumán,14.98,77657917.22296394,14.980000000000002,-0.9259259259259189,False
2024,2,11556107,Tucumán,15.07,76682859.9867286,15.07,0.6008010680907727,False
