Año,Trimestre,Provincia,Accesos por cada 100 hogares,KPI_Aumento_Acceso,Cumple_Meta_2%,Año_Trimestre
2014,1,Buenos Aires,54.5700728794398,,False,2014-T1
2014,2,Buenos Aires,55.0614169514339,0.9003910863003842,False,2014-T2
2014,3,Buenos Aires,56.754739164071,3.0753335209856094,True,2014-T3
2014,4,Buenos Aires,56.0943365301975,-1.1636079094018075,False,2014-T4
2015,1,Buenos Aires,56.3704843302674,0.49229176624852355,False,2015-T1
2015,2,Buenos Aires,56.8028056143921,0.7669284542452791,False,2015-T2
2015,3,Buenos Aires,57.6886810560801,1.5595628281141567,False,2015-T3
2015,4,Buenos Aires,58.2918218273372,1.0455097260254218,False,2015-T4
2016,1,Buenos Aires,57.3359078225411,-1.6398767011049278,False,2016-T1
2016,2,Buenos Aires,59.3385267910581,3.4927832218428505,True,2016-T2
2016,3,Buenos Aires,60.1432954546882,1.3562329689509118,False,2016-T3
2016,4,Buenos Aires,61.2365874303569,1.8178118897598183,False,2016-T4
2017,1,Buenos Aires,58.5740024492033,-4.348029654953752,False,2017-T1
2017,2,Buenos Aires,56.2721441616913,-3.9298292608708465,False,2017-T2
2017,3,Buenos Aires,55.6293833953396,-1.14223613819442,False,2017-T3
2017,4,Buenos Aires,57.6096152902582,3.559686938907346,True,2017-T4
2018,1,Buenos Aires,62.6262116616845,8.707915069647429,True,2018-T1
2018,2,Buenos Aires,62.7822665109499,0.2491845588687882,False,2018-T2
2018,3,Buenos Aires,64.4405675975205,2.6413526919761177,True,2018-T3
2018,4,Buenos Aires,64.6028466348432,0.2518274487218341,False,2018-T4
2019,1,Buenos Aires,66.2425552273681,2.5381367508355726,True,2019-T1
2019,2,Buenos Aires,67.847139823742,2.4222866869588433,True,2019-T2
2019,3,Buenos Aires,69.3563010607913,2.22435498529474,True,2019-T3
2019,4,Buenos Aires,64.2520528824542,-7.3594584778435514,False,2019-T4
2020,1,Buenos Aires,64.3256310174343,0.11451483910516838,False,2020-T1
2020,2,Buenos Aires,65.2205801358229,1.3912791903215618,False,2020-T2
2020,3,Buenos Aires,67.6561898309092,3.734418936498423,True,2020-T3
2020,4,Buenos Aires,68.9770222017074,1.9522712912141689,False,2020-T4
2021,1,Buenos Aires,69.1052407618594,0.18588590237639038,False,2021-T1
2021,2,Buenos Aires,70.0033033602797,1.2995578750894896,False,2021-T2
2021,3,Buenos Aires,71.6821894010193,2.398295452000353,True,2021-T3
2021,4,Buenos Aires,75.6641060233847,5.554959545235071,True,2021-T4
2022,1,Buenos Aires,76.0781466115726,0.5472087227990756,False,2022-T1
2022,2,Buenos Aires,77.58,1.9740930284425962,False,2022-T2
2022,3,Buenos Aires,78.11,0.6831657643722624,False,2022-T3
2022,4,Buenos Aires,78.94,1.0626040199718325,False,2022-T4
2023,1,Buenos Aires,79.0,0.07600709399544246,False,2023-T1
2023,2,Buenos Aires,79.67,0.8481012658227869,False,2023-T2
2023,3,Buenos Aires,80.64,1.217522279402534,False,2023-T3
2023,4,Buenos Aires,80.96,0.39682539682538837,False,2023-T4
2024,1,Buenos Aires,81.1,0.17292490118577147,False,2024-T1
2024,2,Buenos Aires,79.84,-1.5536374845869185,False,2024-T2
2014,1,Capital Federal,112.254122789269,,False,2014-T1
2014,2,Capital Federal,113.14335247541,0.792157707926964,False,2014-T2
2014,3,Capital Federal,113.800512332415,0.5808205631416324,False,2014-T3
2014,4,Capital Federal,114.896765508016,0.9633112831678784,False,2014-T4
2015,1,Capital Federal,114.896997148903,0.00020160783984671384,False,2015-T1
2015,2,Capital Federal,116.066270918604,1.017671304486456,False,2015-T2
2015,3,Capital Federal,118.28921116432,1.9152336231039186,False,2015-T3
2015,4,Capital Federal,118.130363211538,-0.13428777757367524,False,2015-T4
2016,1,Capital Federal,115.160058888848,-2.5144291797114215,False,2016-T1
2016,2,Capital Federal,120.039535048253,4.2371254465184425,True,2016-T2
2016,3,Capital Federal,120.772877751015,0.6109176468129569,False,2016-T3
2016,4,Capital Federal,120.631331736324,-0.11720016722861648,False,2016-T4
2017,1,Capital Federal,108.369208365608,-10.164957307707214,False,2017-T1
2017,2,Capital Federal,124.061393756425,14.480298995888086,True,2017-T2
2017,3,Capital Federal,121.858325909693,-1.7757884060672315,False,2017-T3
2017,4,Capital Federal,122.89742418735,0.8527101204615769,False,2017-T4
2018,1,Capital Federal,106.235671745868,-13.557446424655831,False,2018-T1
2018,2,Capital Federal,106.534941281467,0.28170343414864807,False,2018-T2
2018,3,Capital Federal,108.445914110219,1.7937521772346727,False,2018-T3
2018,4,Capital Federal,108.273149970574,-0.15930903534955498,False,2018-T4
2019,1,Capital Federal,109.196164558838,0.8524870556687998,False,2019-T1
2019,2,Capital Federal,110.545566994852,1.2357599202002123,False,2019-T2
2019,3,Capital Federal,112.645387803721,1.899507023168812,False,2019-T3
2019,4,Capital Federal,106.245467510411,-5.68147566277772,False,2019-T4
2020,1,Capital Federal,105.980174141819,-0.24969852814286075,False,2020-T1
2020,2,Capital Federal,106.414805990736,0.41010675103758915,False,2020-T2
2020,3,Capital Federal,107.675901165732,1.1850749181516962,False,2020-T3
2020,4,Capital Federal,108.311074890435,0.5898940411237898,False,2020-T4
2021,1,Capital Federal,108.419939223293,0.1005108046135905,False,2021-T1
2021,2,Capital Federal,110.144402032121,1.5905402836247942,False,2021-T2
2021,3,Capital Federal,111.271055142509,1.0228873093881283,False,2021-T3
2021,4,Capital Federal,111.270026128917,-0.0009247810139709101,False,2021-T4
2022,1,Capital Federal,111.797862691747,0.47437443954444153,False,2022-T1
2022,2,Capital Federal,121.31,8.508335561369543,True,2022-T2
2022,3,Capital Federal,122.28,0.7996043195119932,False,2022-T3
2022,4,Capital Federal,122.73,0.36800785083415344,False,2022-T4
2023,1,Capital Federal,122.59,-0.11407153915098228,False,2023-T1
2023,2,Capital Federal,115.48,-5.79982054001142,False,2023-T2
2023,3,Capital Federal,116.4,0.7966747488742654,False,2023-T3
2023,4,Capital Federal,117.02,0.5326460481099573,False,2023-T4
2024,1,Capital Federal,119.53,2.1449324901726246,True,2024-T1
2024,2,Capital Federal,116.37,-2.643687777127078,False,2024-T2
2014,1,Catamarca,24.2517512545856,,False,2014-T1
2014,2,Catamarca,24.7031188600584,1.861175305381108,False,2014-T2
2014,3,Catamarca,24.7061213053276,0.012154114167560561,False,2014-T3
2014,4,Catamarca,25.513779082748,3.26905938588685,True,2014-T4
2015,1,Catamarca,25.1094663307876,-1.5846839100123362,False,2015-T1
2015,2,Catamarca,25.4534180446982,1.3698089373124884,False,2015-T2
2015,3,Catamarca,25.8637811846376,1.6122123135634245,False,2015-T3
2015,4,Catamarca,26.2394517885919,1.452496838232762,False,2015-T4
2016,1,Catamarca,25.9102179811905,-1.254728223950707,False,2016-T1
2016,2,Catamarca,26.0741880597406,0.6328394406760087,False,2016-T2
2016,3,Catamarca,26.4806767574637,1.558969724356379,False,2016-T3
2016,4,Catamarca,26.5435155899619,0.23730070448628637,False,2016-T4
2017,1,Catamarca,25.6593508380215,-3.3310009329539194,False,2017-T1
2017,2,Catamarca,25.9771210676835,1.2384188191976147,False,2017-T2
2017,3,Catamarca,32.4909256779052,25.07515976558742,True,2017-T3
2017,4,Catamarca,28.6209500939249,-11.910942834762018,False,2017-T4
2018,1,Catamarca,32.7936161374153,14.57906194517313,True,2018-T1
2018,2,Catamarca,32.8575008674866,0.19480843406718074,False,2018-T2
2018,3,Catamarca,32.9159453741104,0.1778726472822918,False,2018-T3
2018,4,Catamarca,32.2253461660253,-2.098068884961406,False,2018-T4
2019,1,Catamarca,32.1904889561213,-0.10816706118349298,False,2019-T1
2019,2,Catamarca,32.1309502201928,-0.18495753826434702,False,2019-T2
2019,3,Catamarca,30.8836145267372,-3.882037988007301,False,2019-T3
2019,4,Catamarca,36.4384291271555,17.986283942280366,True,2019-T4
2020,1,Catamarca,37.6154276874603,3.2301023630781196,True,2020-T1
2020,2,Catamarca,45.4318181818182,20.779746436230536,True,2020-T2
2020,3,Catamarca,47.157098984172,3.79751652344008,True,2020-T3
2020,4,Catamarca,49.4068835454974,4.770829015755455,True,2020-T4
2021,1,Catamarca,48.8990929278482,-1.0277730170565995,False,2021-T1
2021,2,Catamarca,52.3403096626386,7.037383576558363,True,2021-T2
2021,3,Catamarca,52.7097934860013,0.7059259407218283,False,2021-T3
2021,4,Catamarca,55.2526999859741,4.824352993619945,True,2021-T4
2022,1,Catamarca,58.2063508356117,5.345713151370682,True,2022-T1
2022,2,Catamarca,62.4,7.204796562890774,True,2022-T2
2022,3,Catamarca,65.33,4.69551282051282,True,2022-T3
2022,4,Catamarca,65.77,0.6735037501913328,False,2022-T4
2023,1,Catamarca,66.17,0.6081800212863094,False,2023-T1
2023,2,Catamarca,67.42,1.8890735983073899,False,2023-T2
2023,3,Catamarca,68.55,1.6760605161673028,False,2023-T3
2023,4,Catamarca,68.63,0.11670313639678818,False,2023-T4
2024,1,Catamarca,68.82,0.2768468599737691,False,2024-T1
2024,2,Catamarca,68.81,-0.0145306596919368,False,2024-T2
2014,1,Chaco,20.7185388638408,,False,2014-T1
2014,2,Chaco,20.9579963674944,1.1557644350660055,False,2014-T2
2014,3,Chaco,21.1126667052624,0.7380015486971431,False,2014-T3
2014,4,Chaco,21.8707832002322,3.590813541241754,True,2014-T4
2015,1,Chaco,26.6495912203056,21.850191537825964,True,2015-T1
2015,2,Chaco,27.4645393883995,3.0580137659783486,True,2015-T2
2015,3,Chaco,27.9630727934794,1.8151893903251533,False,2015-T3
2015,4,Chaco,28.3505662351414,1.3857326929834288,False,2015-T4
2016,1,Chaco,28.0751464477524,-0.971478964845542,False,2016-T1
2016,2,Chaco,28.5935505552226,1.846487634302979,False,2016-T2
2016,3,Chaco,28.910749068481,1.1093358715483634,False,2016-T3
2016,4,Chaco,28.7866560852553,-0.4292278381710603,False,2016-T4
2017,1,Chaco,28.6216605384279,-0.5731667698351057,False,2017-T1
2017,2,Chaco,29.0455247754534,1.48092119412993,False,2017-T2
2017,3,Chaco,29.9759256476576,3.2032503437172815,True,2017-T3
2017,4,Chaco,30.8081581112365,2.77633616176231,True,2017-T4
2018,1,Chaco,30.8299276457025,0.0706615903079889,False,2018-T1
2018,2,Chaco,31.2517049960349,1.368077652271725,False,2018-T2
2018,3,Chaco,32.2831008330776,3.300286615317653,True,2018-T3
2018,4,Chaco,32.5909608763298,0.9536260003152133,False,2018-T4
2019,1,Chaco,32.6358765794295,0.1378164432467488,False,2019-T1
2019,2,Chaco,34.1402609798676,4.60960316716701,True,2019-T2
2019,3,Chaco,35.8460309754608,4.99635898096704,True,2019-T3
2019,4,Chaco,36.8354786303424,2.760271159613041,True,2019-T4
2020,1,Chaco,37.4838333691726,1.7601365936809963,False,2020-T1
2020,2,Chaco,39.8325027900658,6.265819714225897,True,2020-T2
2020,3,Chaco,41.5419205780652,4.291514889257039,True,2020-T3
2020,4,Chaco,43.0307886497791,3.5840135723046984,True,2020-T4
2021,1,Chaco,43.1364924170879,0.24564682783090452,False,2021-T1
2021,2,Chaco,43.3276272929354,0.44309322603100765,False,2021-T2
2021,3,Chaco,42.9624100796766,-0.8429199475650583,False,2021-T3
2021,4,Chaco,44.0485638902593,2.528149162415138,True,2021-T4
2022,1,Chaco,44.0594800994188,0.024782213528443137,False,2022-T1
2022,2,Chaco,43.79,-0.6116279602272356,False,2022-T2
2022,3,Chaco,43.86,0.1598538479104825,False,2022-T3
2022,4,Chaco,43.62,-0.5471956224350251,False,2022-T4
2023,1,Chaco,43.15,-1.0774873911049951,False,2023-T1
2023,2,Chaco,42.87,-0.6488991888760166,False,2023-T2
2023,3,Chaco,42.87,0.0,False,2023-T3
2023,4,Chaco,44.35,3.452297644040131,True,2023-T4
2024,1,Chaco,46.7,5.298759864712517,True,2024-T1
2024,2,Chaco,44.06,-5.653104925053534,False,2024-T2
2014,1,Chubut,41.2352180797243,,False,2014-T1
2014,2,Chubut,41.4102098199126,0.4243744748723635,False,2014-T2
2014,3,Chubut,40.5986709442745,-1.959755526879415,False,2014-T3
2014,4,Chubut,40.2492746845027,-0.8606100930037346,False,2014-T4
2015,1,Chubut,37.6127806859079,-6.550413688845773,False,2015-T1
2015,2,Chubut,36.5824672045848,-2.739264320622586,False,2015-T2
2015,3,Chubut,36.8118099146332,0.6269197448215208,False,2015-T3
2015,4,Chubut,36.8901782778659,0.21288918804708337,False,2015-T4
2016,1,Chubut,36.0927055378499,-2.161748132549637,False,2016-T1
2016,2,Chubut,36.1243856555634,0.08777429467091798,False,2016-T2
2016,3,Chubut,36.1786944287865,0.1503382610874512,False,2016-T3
2016,4,Chubut,36.072905464279,-0.29240680510384265,False,2016-T4
2017,1,Chubut,35.662220237763,-1.1384866875297315,False,2017-T1
2017,2,Chubut,35.5460111791441,-0.32586041430994483,False,2017-T2
2017,3,Chubut,46.2153774665184,30.01564995184137,True,2017-T3
2017,4,Chubut,51.4630962674935,11.354919268541968,True,2017-T4
2018,1,Chubut,53.7156048824891,4.376939551572211,True,2018-T1
2018,2,Chubut,54.9023033373551,2.209224782001575,True,2018-T2
2018,3,Chubut,56.391745852269,2.7128962254312046,True,2018-T3
2018,4,Chubut,42.6109360960454,-24.437636302882986,False,2018-T4
2019,1,Chubut,42.997736337178,0.9077487531856764,False,2019-T1
2019,2,Chubut,46.9879841362692,9.280134581505939,True,2019-T2
2019,3,Chubut,47.5662416229331,1.2306497018193088,False,2019-T3
2019,4,Chubut,51.1450178551471,7.523773394971298,True,2019-T4
2020,1,Chubut,51.268489419097,0.2414146462898787,False,2020-T1
2020,2,Chubut,57.3446133872355,11.851575962125386,True,2020-T2
2020,3,Chubut,68.3438981572004,19.181025244148326,True,2020-T3
2020,4,Chubut,68.3518991582562,0.01170697205096393,False,2020-T4
2021,1,Chubut,68.9942808881567,0.9398154810785521,False,2021-T1
2021,2,Chubut,72.2941048193647,4.782749944966012,True,2021-T2
2021,3,Chubut,80.7097384765756,11.640829744331626,True,2021-T3
2021,4,Chubut,82.5734006387143,2.3090920591690436,True,2021-T4
2022,1,Chubut,88.0527409383577,6.635720773590646,True,2022-T1
2022,2,Chubut,83.19,-5.522532162584149,False,2022-T2
2022,3,Chubut,84.38,1.4304603918740206,False,2022-T3
2022,4,Chubut,85.57,1.4102867978193858,False,2022-T4
2023,1,Chubut,85.89,0.37396283744303777,False,2023-T1
2023,2,Chubut,82.49,-3.9585516358132558,False,2023-T2
2023,3,Chubut,84.23,2.1093465874651587,True,2023-T3
2023,4,Chubut,84.96,0.8666745815030152,False,2023-T4
2024,1,Chubut,84.89,-0.08239171374763793,False,2024-T1
2024,2,Chubut,86.33,1.6963128754859205,False,2024-T2
2014,1,Corrientes,22.3167167138389,,False,2014-T1
2014,2,Corrientes,22.5756130032436,1.1601002635130202,False,2014-T2
2014,3,Corrientes,22.7875350351524,0.9387210521297928,False,2014-T3
2014,4,Corrientes,23.5624309927751,3.4005255786873563,True,2014-T4
2015,1,Corrientes,28.9501912819093,22.865893127862066,True,2015-T1
2015,2,Corrientes,29.5840126681085,2.1893512896934366,True,2015-T2
2015,3,Corrientes,30.167412409019,1.972010178116928,False,2015-T3
2015,4,Corrientes,30.3364314453388,0.5602702480020076,False,2015-T4
2016,1,Corrientes,30.0807850041331,-0.8427043954274271,False,2016-T1
2016,2,Corrientes,30.5801620466166,1.6601197156752525,False,2016-T2
2016,3,Corrientes,31.0668788260512,1.5916095496572171,False,2016-T3
2016,4,Corrientes,30.9810703764977,-0.2762055693909793,False,2016-T4
2017,1,Corrientes,30.9406001096441,-0.13062901430384563,False,2017-T1
2017,2,Corrientes,31.386121368355,1.439924426585474,False,2017-T2
2017,3,Corrientes,32.165435745938,2.482990390678669,True,2017-T3
2017,4,Corrientes,32.5151183111876,1.0871376592302529,False,2017-T4
2018,1,Corrientes,32.6634608731751,0.4562264254054923,False,2018-T1
2018,2,Corrientes,33.8097539088117,3.509404713993419,True,2018-T2
2018,3,Corrientes,34.2499388738322,1.3019466696141073,False,2018-T3
2018,4,Corrientes,34.5662765686955,0.9236153560115984,False,2018-T4
2019,1,Corrientes,35.1349868869881,1.6452750332028747,False,2019-T1
2019,2,Corrientes,38.155585884188,8.597125728026233,True,2019-T2
2019,3,Corrientes,38.4853511358672,0.8642646785194721,False,2019-T3
2019,4,Corrientes,38.7674409892621,0.7329798093799935,False,2019-T4
2020,1,Corrientes,38.7290799422309,-0.0989517132219985,False,2020-T1
2020,2,Corrientes,40.3047626797957,4.0684744897506615,True,2020-T2
2020,3,Corrientes,41.7507494704644,3.587632563814981,True,2020-T3
2020,4,Corrientes,42.428283946949,1.6228079377686586,False,2020-T4
2021,1,Corrientes,42.6641284388214,0.5558662051175379,False,2021-T1
2021,2,Corrientes,43.5411637336848,2.055673763782681,True,2021-T2
2021,3,Corrientes,44.9008831266441,3.122836590394999,True,2021-T3
2021,4,Corrientes,45.5101610294635,1.356939686689255,False,2021-T4
2022,1,Corrientes,47.6446351415023,4.6901045036007085,True,2022-T1
2022,2,Corrientes,48.35,1.4804706897278204,False,2022-T2
2022,3,Corrientes,48.21,-0.28955532574974263,False,2022-T3
2022,4,Corrientes,51.64,7.114706492428955,True,2022-T4
2023,1,Corrientes,52.05,0.7939581719597145,False,2023-T1
2023,2,Corrientes,52.37,0.614793467819405,False,2023-T2
2023,3,Corrientes,52.78,0.7828909681115213,False,2023-T3
2023,4,Corrientes,52.56,-0.41682455475558705,False,2023-T4
2024,1,Corrientes,51.94,-1.1796042617960512,False,2024-T1
2024,2,Corrientes,51.38,-1.0781671159029556,False,2024-T2
2014,1,Córdoba,52.5178475440063,,False,2014-T1
2014,2,Córdoba,53.448126115626,1.7713570055212058,False,2014-T2
2014,3,Córdoba,54.2336102829994,1.4696196564013018,False,2014-T3
2014,4,Córdoba,54.696896793323,0.8542424299361551,False,2014-T4
2015,1,Córdoba,54.6973465018821,0.0008221829490654821,False,2015-T1
2015,2,Córdoba,55.8691635078182,2.142365362999423,True,2015-T2
2015,3,Córdoba,57.0834037895185,2.1733639909077587,True,2015-T3
2015,4,Córdoba,57.3648817660792,0.49309949630646527,False,2015-T4
2016,1,Córdoba,55.2830927837402,-3.6290303723244057,False,2016-T1
2016,2,Córdoba,57.5479805282864,4.096890442447075,True,2016-T2
2016,3,Córdoba,58.243816258032,1.2091401355145277,False,2016-T3
2016,4,Córdoba,57.696719154379,-0.9393222127294163,False,2016-T4
2017,1,Córdoba,57.6533295928744,-0.07520282286502214,False,2017-T1
2017,2,Córdoba,58.9735289080036,2.2898925776740744,True,2017-T2
2017,3,Córdoba,62.3070022529633,5.652490883087203,True,2017-T3
2017,4,Córdoba,63.3326256520777,1.646080475755232,False,2017-T4
2018,1,Córdoba,63.5171696520162,0.2913885190112021,False,2018-T1
2018,2,Córdoba,63.2743661231958,-0.38226440213035484,False,2018-T2
2018,3,Córdoba,64.2421002602934,1.529425257636581,False,2018-T3
2018,4,Córdoba,65.0892645911237,1.3187058446062498,False,2018-T4
2019,1,Córdoba,65.5173840768055,0.6577420844607113,False,2019-T1
2019,2,Córdoba,68.0713093878985,3.8980880373658544,True,2019-T2
2019,3,Córdoba,68.5923490106902,0.7654320557029468,False,2019-T3
2019,4,Córdoba,70.4829556624422,2.7562937835199977,True,2019-T4
2020,1,Córdoba,70.6880744339108,0.29101896982153014,False,2020-T1
2020,2,Córdoba,72.7135853124239,2.8654209281182736,True,2020-T2
2020,3,Córdoba,75.2203572366921,3.4474602146180846,True,2020-T3
2020,4,Córdoba,78.0796087633819,3.801167172993796,True,2020-T4
2021,1,Córdoba,78.5902806238002,0.6540399836862345,False,2021-T1
2021,2,Córdoba,80.1151879593124,1.9403256018536157,False,2021-T2
2021,3,Córdoba,81.2845665540848,1.45962160803554,False,2021-T3
2021,4,Córdoba,84.5094185304609,3.967360734131936,True,2021-T4
2022,1,Córdoba,85.7574535631355,1.476799928785153,False,2022-T1
2022,2,Córdoba,87.48,2.0086259156428294,True,2022-T2
2022,3,Córdoba,88.31,0.9487882944673047,False,2022-T3
2022,4,Córdoba,89.03,0.8153097044502308,False,2022-T4
2023,1,Córdoba,88.84,-0.2134112097045914,False,2023-T1
2023,2,Córdoba,90.13,1.4520486267447006,False,2023-T2
2023,3,Córdoba,90.05,-0.08876067901919261,False,2023-T3
2023,4,Córdoba,90.67,0.688506385341482,False,2023-T4
2024,1,Córdoba,90.7,0.033087018859602,False,2024-T1
2024,2,Córdoba,90.79,0.09922822491731356,False,2024-T2
2014,1,Entre Ríos,34.3671218212502,,False,2014-T1
2014,2,Entre Ríos,34.6874323714598,0.9320261145975296,False,2014-T2
2014,3,Entre Ríos,34.981647333713,0.8481889322407005,False,2014-T3
2014,4,Entre Ríos,36.0254708519679,2.9839175619638,True,2014-T4
2015,1,Entre Ríos,42.0651933735121,16.765145267252706,True,2015-T1
2015,2,Entre Ríos,42.9319790164588,2.0605768651773237,True,2015-T2
2015,3,Entre Ríos,43.6771816352633,1.735775139829491,False,2015-T3
2015,4,Entre Ríos,44.108548073001,0.9876242504379722,False,2015-T4
2016,1,Entre Ríos,43.8459681446623,-0.5953039485773247,False,2016-T1
2016,2,Entre Ríos,44.7388745451874,2.036461819201042,True,2016-T2
2016,3,Entre Ríos,45.4351408844733,1.5562893487243445,False,2016-T3
2016,4,Entre Ríos,45.208402854677,-0.4990367045913254,False,2016-T4
2017,1,Entre Ríos,44.9072736870412,-0.6660911437278232,False,2017-T1
2017,2,Entre Ríos,45.3893310282472,1.0734504716662587,False,2017-T2
2017,3,Entre Ríos,45.9581216701772,1.2531373101225582,False,2017-T3
2017,4,Entre Ríos,47.8852452937468,4.193216679741144,True,2017-T4
2018,1,Entre Ríos,48.6812024178572,1.66221791123276,False,2018-T1
2018,2,Entre Ríos,49.2026118705284,1.071069379502297,False,2018-T2
2018,3,Entre Ríos,50.2220138583775,2.0718452722216285,True,2018-T3
2018,4,Entre Ríos,54.3747734863994,8.268803476762967,True,2018-T4
2019,1,Entre Ríos,56.7881599616928,4.438430398054078,True,2019-T1
2019,2,Entre Ríos,57.4782345887239,1.2151734225877378,False,2019-T2
2019,3,Entre Ríos,57.9000994579662,0.7339558569620028,False,2019-T3
2019,4,Entre Ríos,57.9922169170451,0.15909723807257697,False,2019-T4
2020,1,Entre Ríos,56.1200605143722,-3.2282890742923724,False,2020-T1
2020,2,Entre Ríos,56.5386547397096,0.745890545200321,False,2020-T2
2020,3,Entre Ríos,58.1901640924315,2.921026968761558,True,2020-T3
2020,4,Entre Ríos,59.4743067609738,2.206803655859296,True,2020-T4
2021,1,Entre Ríos,60.4394497283423,1.622789772476686,False,2021-T1
2021,2,Entre Ríos,61.6602644647879,2.0198971730100292,True,2021-T2
2021,3,Entre Ríos,62.1794014538577,0.8419311749242684,False,2021-T3
2021,4,Entre Ríos,63.1553614361658,1.5695872901451797,False,2021-T4
2022,1,Entre Ríos,63.7009034712316,0.8638095367678422,False,2022-T1
2022,2,Entre Ríos,63.9,0.31254898740693043,False,2022-T2
2022,3,Entre Ríos,63.67,-0.3599374021909184,False,2022-T3
2022,4,Entre Ríos,64.01,0.534003455316481,False,2022-T4
2023,1,Entre Ríos,64.79,1.2185596000624919,False,2023-T1
2023,2,Entre Ríos,64.43,-0.5556413026701642,False,2023-T2
2023,3,Entre Ríos,68.84,6.844637591184225,True,2023-T3
2023,4,Entre Ríos,69.94,1.5979081929110899,False,2023-T4
2024,1,Entre Ríos,69.31,-0.900772090363162,False,2024-T1
2024,2,Entre Ríos,68.64,-0.9666714759774948,False,2024-T2
2014,1,Formosa,17.4184510793687,,False,2014-T1
2014,2,Formosa,17.5404117548517,0.700180945637901,False,2014-T2
2014,3,Formosa,17.7713148314683,1.31640624999998,False,2014-T3
2014,4,Formosa,17.9563113616952,1.0409839225813535,False,2014-T4
2015,1,Formosa,18.1227036739718,0.9266508523100746,False,2015-T1
2015,2,Formosa,18.3602672052786,1.3108614232212747,False,2015-T2
2015,3,Formosa,18.8367517737853,2.595194085027852,True,2015-T3
2015,4,Formosa,19.0654915167863,1.2143268953585324,False,2015-T4
2016,1,Formosa,19.0418783694349,-0.12385281192780974,False,2016-T1
2016,2,Formosa,19.370070664564,1.723528996256471,False,2016-T2
2016,3,Formosa,18.6397083028628,-3.7705714880913663,False,2016-T3
2016,4,Formosa,19.8482360781639,6.483619569923671,True,2016-T4
2017,1,Formosa,19.8424891786459,-0.028954207796450682,False,2017-T1
2017,2,Formosa,19.965076445262,0.6178018569768303,False,2017-T2
2017,3,Formosa,21.3503843800708,6.9386558003265435,True,2017-T3
2017,4,Formosa,21.2709766892497,-0.3719262820168315,False,2017-T4
2018,1,Formosa,21.4043102592114,0.6268333227457581,False,2018-T1
2018,2,Formosa,29.434226520797,37.51541705544988,True,2018-T2
2018,3,Formosa,29.5765734288784,0.4836101535769039,False,2018-T3
2018,4,Formosa,29.73653915732,0.5408528098302579,False,2018-T4
2019,1,Formosa,29.6776946304319,-0.19788626570423506,False,2019-T1
2019,2,Formosa,30.4182360069433,2.495279319142389,True,2019-T2
2019,3,Formosa,30.1124329977775,-1.0053278865217457,False,2019-T3
2019,4,Formosa,30.471313480544,1.1918016813619454,False,2019-T4
2020,1,Formosa,30.2283039626068,-0.7975026022175307,False,2020-T1
2020,2,Formosa,31.1394362262631,3.014169318872118,True,2020-T2
2020,3,Formosa,31.9056233101865,2.4605040321095917,True,2020-T3
2020,4,Formosa,32.4873819075967,1.8233732397400375,False,2020-T4
2021,1,Formosa,32.7329557563272,0.7559053217307038,False,2021-T1
2021,2,Formosa,33.2254841932261,1.5046867156312231,False,2021-T2
2021,3,Formosa,33.9620335406843,2.2168205079412093,True,2021-T3
2021,4,Formosa,34.4545746388443,1.4502697477463018,False,2021-T4
2022,1,Formosa,34.9556869957513,1.454414579659456,False,2022-T1
2022,2,Formosa,43.42,24.214408960915286,True,2022-T2
2022,3,Formosa,43.76,0.7830492860432895,False,2022-T3
2022,4,Formosa,39.41,-9.940585009140772,False,2022-T4
2023,1,Formosa,38.79,-1.5732047703628456,False,2023-T1
2023,2,Formosa,38.32,-1.2116524877545731,False,2023-T2
2023,3,Formosa,38.86,1.4091858037578266,False,2023-T3
2023,4,Formosa,39.23,0.9521358723623197,False,2023-T4
2024,1,Formosa,39.61,0.9686464440479291,False,2024-T1
2024,2,Formosa,39.69,0.2019691996970419,False,2024-T2
2014,1,Jujuy,18.4153524468777,,False,2014-T1
2014,2,Jujuy,18.7060609994136,1.5786206284919047,False,2014-T2
2014,3,Jujuy,18.3685342155704,-1.804371234830161,False,2014-T3
2014,4,Jujuy,19.5994181805212,6.7010462049139585,True,2014-T4
2015,1,Jujuy,19.6897136326236,0.4607047580225573,False,2015-T1
2015,2,Jujuy,20.2872190775949,3.0346070853021576,True,2015-T2
2015,3,Jujuy,21.2703333470887,4.84597847410021,True,2015-T3
2015,4,Jujuy,21.4714737939107,0.9456384323639618,False,2015-T4
2016,1,Jujuy,21.410011288564,-0.286251917016199,False,2016-T1
2016,2,Jujuy,21.8882810435767,2.233860358906792,True,2016-T2
2016,3,Jujuy,22.6051542652569,3.2751462769186785,True,2016-T3
2016,4,Jujuy,22.6513870082414,0.20452301471597586,False,2016-T4
2017,1,Jujuy,22.7569859622323,0.4661919994236048,False,2017-T1
2017,2,Jujuy,22.4034158946241,-1.5536770475448178,False,2017-T2
2017,3,Jujuy,22.6453629950826,1.0799562959350197,False,2017-T3
2017,4,Jujuy,22.742083716267,0.42711049147414104,False,2017-T4
2018,1,Jujuy,23.1212608756775,1.6672929540721055,False,2018-T1
2018,2,Jujuy,23.4322027298545,1.3448308716766202,False,2018-T2
2018,3,Jujuy,23.2637001371955,-0.7191069256340702,False,2018-T3
2018,4,Jujuy,46.5322663913268,100.02091720967474,True,2018-T4
2019,1,Jujuy,46.4084387403666,-0.2661113686551103,False,2019-T1
2019,2,Jujuy,44.511922790626,-4.086575634122733,False,2019-T2
2019,3,Jujuy,44.3224868429136,-0.4255847328893607,False,2019-T3
2019,4,Jujuy,45.3775463317507,2.3804158204759855,True,2019-T4
2020,1,Jujuy,46.6702306399878,2.848731173753675,True,2020-T1
2020,2,Jujuy,47.8878102278728,2.6088998729776076,True,2020-T2
2020,3,Jujuy,54.0444192382091,12.856317674665544,True,2020-T3
2020,4,Jujuy,53.4565912339089,-1.0876756797205218,False,2020-T4
2021,1,Jujuy,55.6324478962054,4.070324373613059,True,2021-T1
2021,2,Jujuy,56.1821570114677,0.9881088034952307,False,2021-T2
2021,3,Jujuy,55.6892647441935,-0.8773110423182808,False,2021-T3
2021,4,Jujuy,56.9210705148705,2.211926798343005,True,2021-T4
2022,1,Jujuy,58.0646286642678,2.0090243192080313,True,2022-T1
2022,2,Jujuy,57.32,-1.2824135474511955,False,2022-T2
2022,3,Jujuy,58.91,2.773900907187712,True,2022-T3
2022,4,Jujuy,58.46,-0.7638771006620196,False,2022-T4
2023,1,Jujuy,58.2,-0.4447485460143654,False,2023-T1
2023,2,Jujuy,57.78,-0.7216494845360854,False,2023-T2
2023,3,Jujuy,57.61,-0.2942194530979607,False,2023-T3
2023,4,Jujuy,57.78,0.2950876583926431,False,2023-T4
2024,1,Jujuy,57.65,-0.224991346486678,False,2024-T1
2024,2,Jujuy,58.3,1.1274934952298328,False,2024-T2
2014,1,La Pampa,48.425321038282,,False,2014-T1
2014,2,La Pampa,49.7075961603446,2.6479434613327903,True,2014-T2
2014,3,La Pampa,55.7812017385042,12.218666858416626,True,2014-T3
2014,4,La Pampa,51.2731334522286,-8.081698037645197,False,2014-T4
2015,1,La Pampa,55.5080323273377,8.259489112470133,True,2015-T1
2015,2,La Pampa,56.7076652253,2.161187935626889,True,2015-T2
2015,3,La Pampa,57.9639597509152,2.2153874976582713,True,2015-T3
2015,4,La Pampa,58.7563372001228,1.3670174581112675,False,2015-T4
2016,1,La Pampa,57.8408686550453,-1.5580762666662424,False,2016-T1
2016,2,La Pampa,60.4368602573793,4.4881615070757785,True,2016-T2
2016,3,La Pampa,61.7317854365091,2.1426082917199336,True,2016-T3
2016,4,La Pampa,63.016182768654,2.0806094025352566,True,2016-T4
2017,1,La Pampa,62.6692810457516,-0.5504962497902258,False,2017-T1
2017,2,La Pampa,63.4935264809968,1.315230399154343,False,2017-T2
2017,3,La Pampa,69.1399370114264,8.89289167474346,True,2017-T3
2017,4,La Pampa,71.0497610637856,2.7622588838106283,True,2017-T4
2018,1,La Pampa,71.751636922758,0.9878651925968962,False,2018-T1
2018,2,La Pampa,71.0403378727806,-0.9913349443764267,False,2018-T2
2018,3,La Pampa,71.7502365184484,0.9992895120221646,False,2018-T3
2018,4,La Pampa,73.4940482831421,2.4303916604446796,True,2018-T4
2019,1,La Pampa,76.3545743378065,3.8921873559665254,True,2019-T1
2019,2,La Pampa,77.083137502884,0.9541840438455034,False,2019-T2
2019,3,La Pampa,77.4526942329175,0.47942616505415037,False,2019-T3
2019,4,La Pampa,76.9241896917042,-0.6823578526835538,False,2019-T4
2020,1,La Pampa,75.766787812914,-1.5046006768856675,False,2020-T1
2020,2,La Pampa,76.1015828898756,0.44187576987991817,False,2020-T2
2020,3,La Pampa,79.2644770667028,4.156147686709916,True,2020-T3
2020,4,La Pampa,81.7679324894515,3.158357331547129,True,2020-T4
2021,1,La Pampa,81.7767634575221,0.010800038354567446,False,2021-T1
2021,2,La Pampa,82.080006723254,0.37081837542937685,False,2021-T2
2021,3,La Pampa,84.2799630965361,2.6802585198361397,True,2021-T3
2021,4,La Pampa,89.5673427024131,6.273590319232494,True,2021-T4
2022,1,La Pampa,91.6633253140871,2.3401192314456525,True,2022-T1
2022,2,La Pampa,92.98,1.436424743921602,False,2022-T2
2022,3,La Pampa,96.59,3.8825553882555384,True,2022-T3
2022,4,La Pampa,94.8,-1.8531939124132997,False,2022-T4
2023,1,La Pampa,96.55,1.8459915611814346,False,2023-T1
2023,2,La Pampa,98.35,1.8643190056965273,False,2023-T2
2023,3,La Pampa,99.0,0.6609049313675707,False,2023-T3
2023,4,La Pampa,99.96,0.9696969696969635,False,2023-T4
2024,1,La Pampa,100.49,0.5302120848339347,False,2024-T1
2024,2,La Pampa,101.17,0.6766842471887818,False,2024-T2
2014,1,La Rioja,16.2941048158375,,False,2014-T1
2014,2,La Rioja,16.5025648163457,1.279358411304571,False,2014-T2
2014,3,La Rioja,16.5067132740672,0.02513826043203732,False,2014-T3
2014,4,La Rioja,17.0107508872361,3.0535310379490688,True,2014-T4
2015,1,La Rioja,16.7032017874138,-1.807968983033353,False,2015-T1
2015,2,La Rioja,16.8831909819638,1.0775730116942344,False,2015-T2
2015,3,La Rioja,17.1511294420325,1.5870131443453763,False,2015-T3
2015,4,La Rioja,17.3157786484107,0.959990459722685,False,2015-T4
2016,1,La Rioja,16.8335183724942,-2.785091480484836,False,2016-T1
2016,2,La Rioja,16.8789026111115,0.26960637469262555,False,2016-T2
2016,3,La Rioja,17.0745591064841,1.159177820267755,False,2016-T3
2016,4,La Rioja,16.4553163840162,-3.626698168930992,False,2016-T4
2017,1,La Rioja,16.1955241460542,-1.5787738861973357,False,2017-T1
2017,2,La Rioja,16.2034458061436,0.04891265029744573,False,2017-T2
2017,3,La Rioja,51.465252304947,217.61918372593163,True,2017-T3
2017,4,La Rioja,51.5684744054618,0.2005665879245613,False,2017-T4
2018,1,La Rioja,51.4435101124481,-0.24232691475639573,False,2018-T1
2018,2,La Rioja,50.9778907392324,-0.9051080927369173,False,2018-T2
2018,3,La Rioja,50.7330431805956,-0.4803014700809606,False,2018-T3
2018,4,La Rioja,50.3479939174172,-0.7589713508959699,False,2018-T4
2019,1,La Rioja,50.1845878832627,-0.32455321739834003,False,2019-T1
2019,2,La Rioja,48.7049391442432,-2.9484126530268613,False,2019-T2
2019,3,La Rioja,47.9429051217464,-1.5645929055367058,False,2019-T3
2019,4,La Rioja,47.1358901105243,-1.6832834997644837,False,2019-T4
2020,1,La Rioja,46.346631384167,-1.6744326340430795,False,2020-T1
2020,2,La Rioja,49.8399350183955,7.537340967183844,True,2020-T2
2020,3,La Rioja,50.1181132363027,0.5581432194976248,False,2020-T3
2020,4,La Rioja,50.1106121170115,-0.014966882842998356,False,2020-T4
2021,1,La Rioja,49.8069351907935,-0.6060132043665537,False,2021-T1
2021,2,La Rioja,76.9786615851933,54.55410233597813,True,2021-T2
2021,3,La Rioja,77.2601606138685,0.3656844934406593,False,2021-T3
2021,4,La Rioja,77.9234900964576,0.8585660155487964,False,2021-T4
2022,1,La Rioja,78.774598665645,1.0922362026313992,False,2022-T1
2022,2,La Rioja,80.14,1.7333015432428662,False,2022-T2
2022,3,La Rioja,80.66,0.6488644871474869,False,2022-T3
2022,4,La Rioja,79.86,-0.9918175055789701,False,2022-T4
2023,1,La Rioja,79.74,-0.15026296018032123,False,2023-T1
2023,2,La Rioja,80.01,0.3386004514672815,False,2023-T2
2023,3,La Rioja,80.44,0.5374328208973785,False,2023-T3
2023,4,La Rioja,80.22,-0.2734957732471393,False,2023-T4
2024,1,La Rioja,80.03,-0.23684866616803507,False,2024-T1
2024,2,La Rioja,79.52,-0.6372610271148383,False,2024-T2
2014,1,Mendoza,31.9131229866058,,False,2014-T1
2014,2,Mendoza,32.0982381502412,0.5800596942928342,False,2014-T2
2014,3,Mendoza,32.3131795616557,0.6696361663479188,False,2014-T3
2014,4,Mendoza,32.6383818761503,1.0064076606082324,False,2014-T4
2015,1,Mendoza,32.3658875605183,-0.8348891702597357,False,2015-T1
2015,2,Mendoza,32.4919958318665,0.38963328631848754,False,2015-T2
2015,3,Mendoza,32.4919958318665,0.0,False,2015-T3
2015,4,Mendoza,32.4889524950014,-0.009366420212675121,False,2015-T4
2016,1,Mendoza,32.1233388880128,-1.1253474763301392,False,2016-T1
2016,2,Mendoza,32.1259717944259,0.008196241437655028,False,2016-T2
2016,3,Mendoza,32.0883588456665,-0.11707956727375615,False,2016-T3
2016,4,Mendoza,32.10735338479,0.059194486121465925,False,2016-T4
2017,1,Mendoza,31.8430127701797,-0.8233024112648457,False,2017-T1
2017,2,Mendoza,31.7586053613908,-0.2650735638555774,False,2017-T2
2017,3,Mendoza,35.7049317772057,12.426006655230786,True,2017-T3
2017,4,Mendoza,33.3256255341505,-6.663802798733174,False,2017-T4
2018,1,Mendoza,37.0721511024033,11.242176277872257,True,2018-T1
2018,2,Mendoza,36.9728727240613,-0.26779772791649686,False,2018-T2
2018,3,Mendoza,37.9905972679962,2.75262501653702,True,2018-T3
2018,4,Mendoza,37.7577838459117,-0.6128185362345501,False,2018-T4
2019,1,Mendoza,37.6571649702829,-0.2664851200998088,False,2019-T1
2019,2,Mendoza,40.7546242353627,8.225418104427549,True,2019-T2
2019,3,Mendoza,40.7371425873534,-0.042894882083424096,False,2019-T3
2019,4,Mendoza,33.6490307202718,-17.399629470531533,False,2019-T4
2020,1,Mendoza,33.1420767001727,-1.5065932338838153,False,2020-T1
2020,2,Mendoza,36.2522434211,9.3843447079799,True,2020-T2
2020,3,Mendoza,37.3486331372327,3.024336186307771,True,2020-T3
2020,4,Mendoza,38.6295789622782,3.429699342245887,True,2020-T4
2021,1,Mendoza,39.1536615289964,1.3566872350070556,False,2021-T1
2021,2,Mendoza,40.9732418261709,4.647280040021169,True,2021-T2
2021,3,Mendoza,45.548284680561,11.165928421772755,True,2021-T3
2021,4,Mendoza,47.5053170903177,4.296610560599058,True,2021-T4
2022,1,Mendoza,48.7352409355834,2.5890235464113385,True,2022-T1
2022,2,Mendoza,49.39,1.3435022621146793,False,2022-T2
2022,3,Mendoza,51.03,3.3205102247418514,True,2022-T3
2022,4,Mendoza,51.36,0.6466784244561988,False,2022-T4
2023,1,Mendoza,51.4,0.07788161993769305,False,2023-T1
2023,2,Mendoza,52.09,1.3424124513618771,False,2023-T2
2023,3,Mendoza,52.03,-0.11518525628719961,False,2023-T3
2023,4,Mendoza,52.15,0.23063617143954918,False,2023-T4
2024,1,Mendoza,52.59,0.84372003835092,False,2024-T1
2024,2,Mendoza,52.3,-0.5514356341509912,False,2024-T2
2014,1,Misiones,23.1365386484773,,False,2014-T1
2014,2,Misiones,23.3677476012998,0.9993238674779861,False,2014-T2
2014,3,Misiones,23.5673569543455,0.8542087857650223,False,2014-T3
2014,4,Misiones,24.1624306055883,2.5249910390697248,True,2014-T4
2015,1,Misiones,26.3056041051906,8.869858892038069,True,2015-T1
2015,2,Misiones,27.3476824488217,3.961430953891222,True,2015-T2
2015,3,Misiones,28.3063450934369,3.5054621041809844,True,2015-T3
2015,4,Misiones,28.6866588915424,1.3435637728930265,False,2015-T4
2016,1,Misiones,28.3676525909563,-1.1120371382118381,False,2016-T1
2016,2,Misiones,29.239512823022,3.073431011854861,True,2016-T2
2016,3,Misiones,29.9053857758982,2.2773052236079607,True,2016-T3
2016,4,Misiones,29.7201498077974,-0.6194067165322656,False,2016-T4
2017,1,Misiones,29.522202363131,-0.6660378428323637,False,2017-T1
2017,2,Misiones,30.0892480250859,1.9207430901668054,False,2017-T2
2017,3,Misiones,30.2059909330319,0.38798878539160353,False,2017-T3
2017,4,Misiones,31.1421848537985,3.0993650327254216,True,2017-T4
2018,1,Misiones,30.9567358844696,-0.5954911969070765,False,2018-T1
2018,2,Misiones,31.6309076822218,2.177787090564729,True,2018-T2
2018,3,Misiones,32.103666418059,1.494610083867162,False,2018-T3
2018,4,Misiones,34.4507488777944,7.310948317152708,True,2018-T4
2019,1,Misiones,36.2571682655235,5.243483658764353,True,2019-T1
2019,2,Misiones,39.1461255416994,7.967961686966535,True,2019-T2
2019,3,Misiones,39.3329298674438,0.47719748291670866,False,2019-T3
2019,4,Misiones,39.7892368404862,1.1601143738343374,False,2019-T4
2020,1,Misiones,39.018347551712,-1.9374317026101067,False,2020-T1
2020,2,Misiones,40.8877960096961,4.791203562648262,True,2020-T2
2020,3,Misiones,41.6044862854486,1.7528219803839329,False,2020-T3
2020,4,Misiones,42.6441141611923,2.4988359875682757,True,2020-T4
2021,1,Misiones,43.1724389059718,1.238915979782031,False,2021-T1
2021,2,Misiones,45.0128113119994,4.26284095284927,True,2021-T2
2021,3,Misiones,45.5706536580879,1.2392968353429437,False,2021-T3
2021,4,Misiones,49.064620730585,7.667142759706692,True,2021-T4
2022,1,Misiones,49.0433419977295,-0.043368791073188064,False,2022-T1
2022,2,Misiones,51.0,3.9896506285421705,True,2022-T2
2022,3,Misiones,51.82,1.6078431372549025,False,2022-T3
2022,4,Misiones,52.85,1.9876495561559264,False,2022-T4
2023,1,Misiones,53.97,2.1192052980132403,True,2023-T1
2023,2,Misiones,55.18,2.2419862886788975,True,2023-T2
2023,3,Misiones,55.51,0.598042769119243,False,2023-T3
2023,4,Misiones,56.27,1.3691226805980996,False,2023-T4
2024,1,Misiones,56.76,0.87080149280255,False,2024-T1
2024,2,Misiones,57.73,1.7089499647639161,False,2024-T2
2014,1,Neuquén,49.7916051913856,,False,2014-T1
2014,2,Neuquén,50.8427490584487,2.1110865235671517,True,2014-T2
2014,3,Neuquén,56.3954110270698,10.921246532593601,True,2014-T3
2014,4,Neuquén,52.5549896972496,-6.809811755741603,False,2014-T4
2015,1,Neuquén,51.9544367381025,-1.1427134942023038,False,2015-T1
2015,2,Neuquén,53.1173365932314,2.238307117043669,True,2015-T2
2015,3,Neuquén,54.5993148967112,2.7900086836594964,True,2015-T3
2015,4,Neuquén,58.2893377687955,6.758368450345826,True,2015-T4
2016,1,Neuquén,55.7539370042541,-4.349681882813732,False,2016-T1
2016,2,Neuquén,59.098285533662,5.998407841858279,True,2016-T2
2016,3,Neuquén,60.2148508885395,1.8893362891915246,False,2016-T3
2016,4,Neuquén,60.8736672281991,1.094109393177941,False,2016-T4
2017,1,Neuquén,61.0230200678275,0.24534884528726572,False,2017-T1
2017,2,Neuquén,61.9101342766616,1.4537369796645025,False,2017-T2
2017,3,Neuquén,60.8304131050389,-1.7440136162484885,False,2017-T3
2017,4,Neuquén,61.242323177851,0.6771449539572134,False,2017-T4
2018,1,Neuquén,61.5173903515637,0.44914555725439975,False,2018-T1
2018,2,Neuquén,60.2367916140203,-2.0816857318311923,False,2018-T2
2018,3,Neuquén,60.4866167439691,0.4147384401706011,False,2018-T3
2018,4,Neuquén,59.0691692663678,-2.343406779719794,False,2018-T4
2019,1,Neuquén,58.8780043343749,-0.3236289495300973,False,2019-T1
2019,2,Neuquén,63.0809643276744,7.1384212845095965,True,2019-T2
2019,3,Neuquén,64.1388726949158,1.6770643545429842,False,2019-T3
2019,4,Neuquén,59.3559009282245,-7.457212086408315,False,2019-T4
2020,1,Neuquén,61.8474936235507,4.1977169183888385,True,2020-T1
2020,2,Neuquén,63.8984690337643,3.3161819340608156,True,2020-T2
2020,3,Neuquén,65.2441702553022,2.105999160679136,True,2020-T3
2020,4,Neuquén,67.0023452204809,2.6947617822388183,True,2020-T4
2021,1,Neuquén,66.8420894204527,-0.2391793891704317,False,2021-T1
2021,2,Neuquén,69.1402108463862,3.438135231646889,True,2021-T2
2021,3,Neuquén,69.7065334450161,0.8190929586375567,False,2021-T3
2021,4,Neuquén,73.3001625402001,5.155369113310766,True,2021-T4
2022,1,Neuquén,74.1730550999272,1.1908466904808976,False,2022-T1
2022,2,Neuquén,80.02,7.882842215674811,True,2022-T2
2022,3,Neuquén,80.37,0.4373906523369265,False,2022-T3
2022,4,Neuquén,78.67,-2.1152171208162285,False,2022-T4
2023,1,Neuquén,78.55,-0.15253590949536613,False,2023-T1
2023,2,Neuquén,78.97,0.5346912794398495,False,2023-T2
2023,3,Neuquén,79.97,1.2663036596175763,False,2023-T3
2023,4,Neuquén,79.91,-0.07502813555083442,False,2023-T4
2024,1,Neuquén,79.5,-0.513077211863342,False,2024-T1
2024,2,Neuquén,78.93,-0.7169811320754631,False,2024-T2
2014,1,Río Negro,44.9139571317885,,False,2014-T1
2014,2,Río Negro,45.3349103201463,0.9372435991837019,False,2014-T2
2014,3,Río Negro,46.1961871578301,1.8998092895775778,False,2014-T3
2014,4,Río Negro,45.478062751204,-1.5545101247698605,False,2014-T4
2015,1,Río Negro,45.3269490720278,-0.332278179927965,False,2015-T1
2015,2,Río Negro,45.9761201343233,1.4321966856051163,False,2015-T2
2015,3,Río Negro,46.3891866567451,0.898437104338057,False,2015-T3
2015,4,Río Negro,46.4394811149431,0.1084184953923591,False,2015-T4
2016,1,Río Negro,45.8351263870833,-1.3013813103638083,False,2016-T1
2016,2,Río Negro,46.2401130781274,0.8835727595118611,False,2016-T2
2016,3,Río Negro,46.3879653621594,0.3197489672704448,False,2016-T3
2016,4,Río Negro,46.3852103506557,-0.005939065191138967,False,2016-T4
2017,1,Río Negro,46.0295387411952,-0.7667780457860227,False,2017-T1
2017,2,Río Negro,46.0208051229332,-0.01897394260479522,False,2017-T2
2017,3,Río Negro,48.5186589395006,5.427662140840432,True,2017-T3
2017,4,Río Negro,49.3756297682453,1.7662706420086407,False,2017-T4
2018,1,Río Negro,49.8168613122324,0.8936221088381294,False,2018-T1
2018,2,Río Negro,50.1478946239634,0.6645005385951941,False,2018-T2
2018,3,Río Negro,50.5426480870375,0.7871785366747208,False,2018-T3
2018,4,Río Negro,51.8614034542606,2.6091932598231264,True,2018-T4
2019,1,Río Negro,53.5716497810025,3.297724729432467,True,2019-T1
2019,2,Río Negro,61.0942074999118,14.042049758894942,True,2019-T2
2019,3,Río Negro,63.4247008870096,3.8145897663066677,True,2019-T3
2019,4,Río Negro,55.7050096828749,-12.171427056293481,False,2019-T4
2020,1,Río Negro,55.1156686596236,-1.0579677242789862,False,2020-T1
2020,2,Río Negro,56.369335248792,2.274610142009948,True,2020-T2
2020,3,Río Negro,57.052405915845,1.211777048705999,False,2020-T3
2020,4,Río Negro,61.0886154804548,7.074565042118292,True,2020-T4
2021,1,Río Negro,60.8792403032577,-0.3427400924875847,False,2021-T1
2021,2,Río Negro,61.9420405741775,1.7457515330770692,False,2021-T2
2021,3,Río Negro,61.9672131147541,0.040638862302994905,False,2021-T3
2021,4,Río Negro,65.6948996116065,6.015578738306782,True,2021-T4
2022,1,Río Negro,67.0364075498703,2.0420275336364084,True,2022-T1
2022,2,Río Negro,67.85,1.2136575927408328,False,2022-T2
2022,3,Río Negro,67.98,0.19159911569640334,False,2022-T3
2022,4,Río Negro,68.42,0.647249190938508,False,2022-T4
2023,1,Río Negro,69.16,1.081555100847698,False,2023-T1
2023,2,Río Negro,68.56,-0.8675534991324384,False,2023-T2
2023,3,Río Negro,68.4,-0.23337222870477917,False,2023-T3
2023,4,Río Negro,70.26,2.719298245614034,True,2023-T4
2024,1,Río Negro,71.14,1.2524907486478727,False,2024-T1
2024,2,Río Negro,71.35,0.29519257801517257,False,2024-T2
2014,2,Salta,28.9145940008629,,False,2014-T2
2014,3,Salta,29.2226843537979,1.0655185161023044,False,2014-T3
2014,4,Salta,29.534861619578,1.0682703272587226,False,2014-T4
2015,1,Salta,30.0097882334428,1.6080204470976234,False,2015-T1
2015,2,Salta,30.4611238427009,1.5039613267085026,False,2015-T2
2015,3,Salta,31.1759452128584,2.346667752144632,True,2015-T3
2015,4,Salta,31.5934926480719,1.3393256639458166,False,2015-T4
2016,1,Salta,31.3155459711532,-0.8797592593348968,False,2016-T1
2016,2,Salta,32.081726025082,2.4466444066936535,True,2016-T2
2016,3,Salta,32.9558316811803,2.724621659741473,True,2016-T3
2016,4,Salta,32.6941197393755,-0.7941293800036322,False,2016-T4
2017,1,Salta,32.5754893148231,-0.3628494221532019,False,2017-T1
2017,2,Salta,32.7394202636262,0.5032340334746837,False,2017-T2
2017,3,Salta,39.8397008069074,21.687251900332758,True,2017-T3
2017,4,Salta,39.796242471459,-0.10908298648885499,False,2017-T4
2018,1,Salta,39.7755916329188,-0.05189142807896079,False,2018-T1
2018,2,Salta,39.9371920998973,0.40628048595702837,False,2018-T2
2018,3,Salta,39.4274134206841,-1.2764509781710878,False,2018-T3
2018,4,Salta,39.8016100697381,0.9490773464172988,False,2018-T4
2019,1,Salta,40.0983444177161,0.7455335285634793,False,2019-T1
2019,2,Salta,41.8931983203698,4.476129697416394,True,2019-T2
2019,3,Salta,44.4761779222872,6.165629995983083,True,2019-T3
2019,4,Salta,50.3546389223882,13.217100197711181,True,2019-T4
2020,1,Salta,49.5956802701287,-1.507226878201391,False,2020-T1
2020,2,Salta,51.5815833534036,4.004185591282233,True,2020-T2
2020,3,Salta,52.315712128488,1.42323815470073,False,2020-T3
2020,4,Salta,54.0427520014766,3.301187736385903,True,2020-T4
2021,1,Salta,53.9300192633909,-0.20859918103840577,False,2021-T1
2021,2,Salta,54.9300901747889,1.8543863418882034,False,2021-T2
2021,3,Salta,55.9642780595842,1.8827347297346315,False,2021-T3
2021,4,Salta,56.8144260576222,1.5190904403928145,False,2021-T4
2022,1,Salta,56.1075934084976,-1.2441076997023917,False,2022-T1
2022,2,Salta,57.54,2.5529638761612947,True,2022-T2
2022,3,Salta,57.76,0.3823427181091395,False,2022-T3
2022,4,Salta,57.96,0.34626038781163926,False,2022-T4
2023,1,Salta,57.67,-0.5003450655624554,False,2023-T1
2023,2,Salta,57.48,-0.32946072481360295,False,2023-T2
2023,3,Salta,57.57,0.15657620041754247,False,2023-T3
2023,4,Salta,56.98,-1.024839326037873,False,2023-T4
2024,1,Salta,56.3,-1.193401193401193,False,2024-T1
2024,2,Salta,55.72,-1.0301953818827678,False,2024-T2
2014,2,San Juan,27.7826978179589,,False,2014-T2
2014,3,San Juan,27.8542444781027,0.25752236378409105,False,2014-T3
2014,4,San Juan,28.0371457145607,0.6566368605035641,False,2014-T4
2015,1,San Juan,27.5531927597664,-1.7261134914420575,False,2015-T1
2015,2,San Juan,27.6430534204585,0.326135201374252,False,2015-T2
2015,3,San Juan,27.66538565566,0.08078787412454096,False,2015-T3
2015,4,San Juan,27.6648539357743,-0.0019219680951428053,False,2015-T4
2016,1,San Juan,27.3307941100043,-1.2075242708511635,False,2016-T1
2016,2,San Juan,27.3407815140911,0.036542678001225064,False,2016-T2
2016,3,San Juan,27.3171271359908,-0.08651683233015431,False,2016-T3
2016,4,San Juan,27.2924214521971,-0.09044027093591372,False,2016-T4
2017,1,San Juan,27.0367609884239,-0.9367452580966166,False,2017-T1
2017,2,San Juan,26.964616120247,-0.26683990810803365,False,2017-T2
2017,3,San Juan,32.3668893599598,20.034675129887635,True,2017-T3
2017,4,San Juan,30.2999291912817,-6.386032793238021,False,2017-T4
2018,1,San Juan,32.6091774516929,7.621299197872879,True,2018-T1
2018,2,San Juan,32.9466488486842,1.0348969933118557,False,2018-T2
2018,3,San Juan,33.0514165039238,0.31799184105421563,False,2018-T3
2018,4,San Juan,31.8962520702558,-3.495052726502225,False,2018-T4
2019,1,San Juan,31.8330580534655,-0.19812364365289198,False,2019-T1
2019,2,San Juan,35.5997173374818,11.832539863716432,True,2019-T2
2019,3,San Juan,37.0623130355423,4.108447503094593,True,2019-T3
2019,4,San Juan,32.8549757281553,-11.352063491968824,False,2019-T4
2020,1,San Juan,32.3922921363047,-1.408260336817434,False,2020-T1
2020,2,San Juan,35.0948577636503,8.343236767479691,True,2020-T2
2020,3,San Juan,38.7899552541285,10.52888578538539,True,2020-T3
2020,4,San Juan,36.3208821557581,-6.365238325732826,False,2020-T4
2021,1,San Juan,39.0551943353576,7.528209716585909,True,2021-T1
2021,2,San Juan,39.2840257006206,0.5859178763728201,False,2021-T2
2021,3,San Juan,39.4554480019856,0.4363664321762481,False,2021-T3
2021,4,San Juan,39.5888518648717,0.33811265526470385,False,2021-T4
2022,1,San Juan,43.5459816093316,9.995565817282948,True,2022-T1
2022,2,San Juan,49.46,13.5810887069338,True,2022-T2
2022,3,San Juan,50.8,2.7092600080873357,True,2022-T3
2022,4,San Juan,50.88,0.15748031496064058,False,2022-T4
2023,1,San Juan,49.75,-2.2209119496855396,False,2023-T1
2023,2,San Juan,47.52,-4.482412060301502,False,2023-T2
2023,3,San Juan,50.45,6.165824915824915,True,2023-T3
2023,4,San Juan,50.08,-0.7333994053518424,False,2023-T4
2024,1,San Juan,51.62,3.075079872204471,True,2024-T1
2024,2,San Juan,51.17,-0.8717551336691123,False,2024-T2
2014,2,San Luis,9.71791019987182,,False,2014-T2
2014,3,San Luis,9.71121075967275,-0.06893910379165466,False,2014-T3
2014,4,San Luis,9.7863933663512,0.7741836578262367,False,2014-T4
2015,1,San Luis,9.71604896376059,-0.7187980286228536,False,2015-T1
2015,2,San Luis,9.70797183720366,-0.08313180169281624,False,2015-T2
2015,3,San Luis,9.70650326873876,-0.015127448755786595,False,2015-T3
2015,4,San Luis,9.70576898450631,-0.007564868749545976,False,2015-T4
2016,1,San Luis,9.58634628277021,-1.2304300867529352,False,2016-T1
2016,2,San Luis,9.60373385160232,0.18137847642079036,False,2016-T2
2016,3,San Luis,9.63053968688516,0.2791188895594746,False,2016-T3
2016,4,San Luis,9.64068243537056,0.10531858873093418,False,2016-T4
2017,1,San Luis,9.5455001936789,-0.987297759569874,False,2017-T1
2017,2,San Luis,9.5139703148683,-0.3303114364973535,False,2017-T2
2017,3,San Luis,15.4778617902981,62.685622069994395,True,2017-T3
2017,4,San Luis,10.5867310697542,-31.600816616735656,False,2017-T4
2018,1,San Luis,15.1487903482749,43.09223733428247,True,2018-T1
2018,2,San Luis,15.1504244913514,0.010787284257883466,False,2018-T2
2018,3,San Luis,52.3531149755192,245.55543315241698,True,2018-T3
2018,4,San Luis,67.5504536976004,29.02852815766096,True,2018-T4
2019,1,San Luis,67.3379373977716,-0.31460380825888573,False,2019-T1
2019,2,San Luis,81.789994425864,21.46198352159604,True,2019-T2
2019,3,San Luis,85.2260887684934,4.201118201253753,True,2019-T3
2019,4,San Luis,74.9200260348146,-12.092614928832417,False,2019-T4
2020,1,San Luis,76.3085418464193,1.8533306581600435,False,2020-T1
2020,2,San Luis,78.4096773527651,2.753473537175697,True,2020-T2
2020,3,San Luis,79.9617220941719,1.9794045758206025,False,2020-T3
2020,4,San Luis,81.679478061057,2.148222826994735,True,2020-T4
2021,1,San Luis,81.2373017712751,-0.5413554301257442,False,2021-T1
2021,2,San Luis,83.4781072006307,2.7583454650729617,True,2021-T2
2021,3,San Luis,79.8704334921291,-4.321700418806754,False,2021-T3
2021,4,San Luis,80.2957828313538,0.5325491807511298,False,2021-T4
2022,1,San Luis,80.7242306060177,0.5335868952965664,False,2022-T1
2022,2,San Luis,81.76,1.2830960248323429,False,2022-T2
2022,3,San Luis,81.74,-0.02446183953034519,False,2022-T3
2022,4,San Luis,90.27,10.435527281624665,True,2022-T4
2023,1,San Luis,90.17,-0.11077877478674458,False,2023-T1
2023,2,San Luis,93.41,3.5932128202284517,True,2023-T2
2023,3,San Luis,98.55,5.502622845519753,True,2023-T3
2023,4,San Luis,102.07,3.571790969051239,True,2023-T4
2024,1,San Luis,102.7,0.6172234740864208,False,2024-T1
2024,2,San Luis,103.4,0.6815968841285325,False,2024-T2
2014,2,Santa Cruz,29.3770071530543,,False,2014-T2
2014,3,Santa Cruz,28.231942904275,-3.897824726710623,False,2014-T3
2014,4,Santa Cruz,27.8026789696523,-1.5204902336271813,False,2014-T4
2015,1,Santa Cruz,27.9948639434945,0.6912462430400319,False,2015-T1
2015,2,Santa Cruz,27.0722450274482,-3.2956720843813923,False,2015-T2
2015,3,Santa Cruz,27.6060609834294,1.971820052012574,False,2015-T3
2015,4,Santa Cruz,27.7447690664797,0.5024551787144138,False,2015-T4
2016,1,Santa Cruz,26.86586252145,-3.1678279351460366,False,2016-T1
2016,2,Santa Cruz,26.7289117253198,-0.5097576748963766,False,2016-T2
2016,3,Santa Cruz,26.8352018954507,0.39765992429169583,False,2016-T3
2016,4,Santa Cruz,27.0467602148458,0.7883611989182159,False,2016-T4
2017,1,Santa Cruz,26.5249917378546,-1.9291348495957987,False,2017-T1
2017,2,Santa Cruz,26.2486198287096,-1.0419302364968508,False,2017-T2
2017,3,Santa Cruz,33.2918297165896,26.832686571110482,True,2017-T3
2017,4,Santa Cruz,28.9124928828068,-13.154389143113224,False,2017-T4
2018,1,Santa Cruz,33.5527598985762,16.049349444124886,True,2018-T1
2018,2,Santa Cruz,33.3323645100661,-0.6568621752020198,False,2018-T2
2018,3,Santa Cruz,32.7278502945593,-1.813595358121798,False,2018-T3
2018,4,Santa Cruz,23.6891941006561,-27.61762875518223,False,2018-T4
2019,1,Santa Cruz,23.6676549967689,-0.0909237511233165,False,2019-T1
2019,2,Santa Cruz,28.8460630553221,21.879683725574658,True,2019-T2
2019,3,Santa Cruz,35.6281609788596,23.511346801574014,True,2019-T3
2019,4,Santa Cruz,36.7113630853583,3.0402975532232337,True,2019-T4
2020,1,Santa Cruz,35.9742762889655,-2.007789235934899,False,2020-T1
2020,2,Santa Cruz,35.792623969796,-0.5049505866646719,False,2020-T2
2020,3,Santa Cruz,35.9515289078445,0.4439600130535121,False,2020-T3
2020,4,Santa Cruz,36.999572459088,2.915157110369297,True,2020-T4
2021,1,Santa Cruz,41.6478310399074,12.563006196785595,True,2021-T1
2021,2,Santa Cruz,44.0149166554342,5.683574765895083,True,2021-T2
2021,3,Santa Cruz,43.7473202801201,-0.6079674702304836,False,2021-T3
2021,4,Santa Cruz,43.0512146611735,-1.5911960195260797,False,2021-T4
2022,1,Santa Cruz,43.3384231105305,0.6671320463717828,False,2022-T1
2022,2,Santa Cruz,43.15,-0.4347714960693088,False,2022-T2
2022,3,Santa Cruz,43.19,0.09269988412514286,False,2022-T3
2022,4,Santa Cruz,43.53,0.7872192637184613,False,2022-T4
2023,1,Santa Cruz,43.42,-0.2526992878474602,False,2023-T1
2023,2,Santa Cruz,41.66,-4.05343159834179,False,2023-T2
2023,3,Santa Cruz,40.89,-1.8482957273163612,False,2023-T3
2023,4,Santa Cruz,73.75,80.36194668623135,True,2023-T4
2024,1,Santa Cruz,67.58,-8.366101694915256,False,2024-T1
2024,2,Santa Cruz,69.92,3.4625628884285344,True,2024-T2
2014,2,Santa Fe,48.3903513867014,,False,2014-T2
2014,3,Santa Fe,49.1958844455727,1.6646563535653118,False,2014-T3
2014,4,Santa Fe,49.9996230234827,1.6337516582290605,False,2014-T4
2015,1,Santa Fe,50.2444947593192,0.4897471641366148,False,2015-T1
2015,2,Santa Fe,51.1765389086788,1.8550174577817304,False,2015-T2
2015,3,Santa Fe,52.1459547408435,1.8942582926417884,False,2015-T3
2015,4,Santa Fe,52.6080897858581,0.8862337401076087,False,2015-T4
2016,1,Santa Fe,51.2773408540762,-2.529551894392532,False,2016-T1
2016,2,Santa Fe,52.4364772593711,2.2605236269828106,True,2016-T2
2016,3,Santa Fe,52.6721503688625,0.44944497000755923,False,2016-T3
2016,4,Santa Fe,52.191050237189,-0.9133861600568064,False,2016-T4
2017,1,Santa Fe,51.9701076920804,-0.42333416190037204,False,2017-T1
2017,2,Santa Fe,52.2696112396987,0.5762996478530314,False,2017-T2
2017,3,Santa Fe,60.9063556345152,16.523452518538935,True,2017-T3
2017,4,Santa Fe,61.7127712196729,1.3240253447387538,False,2017-T4
2018,1,Santa Fe,62.2819984430096,0.9223815623357344,False,2018-T1
2018,2,Santa Fe,62.5707923995744,0.4636876846992314,False,2018-T2
2018,3,Santa Fe,63.4096146162309,1.340597081302428,False,2018-T3
2018,4,Santa Fe,65.5870688619156,3.4339496602575776,True,2018-T4
2019,1,Santa Fe,66.9740909479148,2.114779803499661,True,2019-T1
2019,2,Santa Fe,67.4229199332195,0.6701531576647324,False,2019-T2
2019,3,Santa Fe,68.8717805759303,2.1489141142891075,True,2019-T3
2019,4,Santa Fe,69.4823572559686,0.8865411565265675,False,2019-T4
2020,1,Santa Fe,69.5235794025313,0.05932750152796768,False,2020-T1
2020,2,Santa Fe,70.002168637187,0.6883840544007945,False,2020-T2
2020,3,Santa Fe,72.1206024734824,3.0262402973185054,True,2020-T3
2020,4,Santa Fe,73.5807380726778,2.0245748775216694,True,2020-T4
2021,1,Santa Fe,73.9165640702618,0.45640476893870063,False,2021-T1
2021,2,Santa Fe,75.0687862629301,1.5588146001660106,False,2021-T2
2021,3,Santa Fe,75.0170476272823,-0.06892163604003496,False,2021-T3
2021,4,Santa Fe,77.0892017943923,2.7622443599825117,True,2021-T4
2022,1,Santa Fe,77.304584747584,0.27939445237241317,False,2022-T1
2022,2,Santa Fe,77.9,0.7702198444764458,False,2022-T2
2022,3,Santa Fe,78.55,0.834403080872903,False,2022-T3
2022,4,Santa Fe,78.4,-0.19096117122850603,False,2022-T4
2023,1,Santa Fe,78.13,-0.3443877551020538,False,2023-T1
2023,2,Santa Fe,78.83,0.8959426596697848,False,2023-T2
2023,3,Santa Fe,79.09,0.3298236711911774,False,2023-T3
2023,4,Santa Fe,79.75,0.8344923504867828,False,2023-T4
2024,1,Santa Fe,80.4,0.8150470219435808,False,2024-T1
2024,2,Santa Fe,81.34,1.1691542288557184,False,2024-T2
2014,2,Santiago Del Estero,16.6955673473544,,False,2014-T2
2014,3,Santiago Del Estero,16.4922039083019,-1.2180684538685504,False,2014-T3
2014,4,Santiago Del Estero,17.2692015836451,4.711302865665347,True,2014-T4
2015,1,Santiago Del Estero,17.0558169911586,-1.2356366995483201,False,2015-T1
2015,2,Santiago Del Estero,17.1105666329829,0.3210027514523579,False,2015-T2
2015,3,Santiago Del Estero,17.1188225313532,0.04825029204109813,False,2015-T3
2015,4,Santiago Del Estero,17.0049780380361,-0.6650252557300174,False,2015-T4
2016,1,Santiago Del Estero,16.205749206822,-4.699969793706385,False,2016-T1
2016,2,Santiago Del Estero,15.8889250473061,-1.9550108759089457,False,2016-T2
2016,3,Santiago Del Estero,15.3296465784729,-3.5199264089172853,False,2016-T3
2016,4,Santiago Del Estero,15.0678475104333,-1.707795849691926,False,2016-T4
2017,1,Santiago Del Estero,14.7021194933686,-2.4272081119181816,False,2017-T1
2017,2,Santiago Del Estero,14.118988073972,-3.966308528913961,False,2017-T2
2017,3,Santiago Del Estero,35.1210448843849,148.75043948177608,True,2017-T3
2017,4,Santiago Del Estero,29.1263861095011,-17.068566139241128,False,2017-T4
2018,1,Santiago Del Estero,34.9882694482421,20.125680256737503,True,2018-T1
2018,2,Santiago Del Estero,35.2564642111642,0.7665276595598379,False,2018-T2
2018,3,Santiago Del Estero,36.2496169780513,2.816938082442797,True,2018-T3
2018,4,Santiago Del Estero,37.4007259512934,3.175506582425643,True,2018-T4
2019,1,Santiago Del Estero,37.5194167460039,0.31734890618183575,False,2019-T1
2019,2,Santiago Del Estero,52.789971263171,40.700404861153736,True,2019-T2
2019,3,Santiago Del Estero,55.3039114685454,4.762154904085461,True,2019-T3
2019,4,Santiago Del Estero,42.9207738235818,-22.391070208490817,False,2019-T4
2020,1,Santiago Del Estero,42.4663591879918,-1.0587288977076434,False,2020-T1
2020,2,Santiago Del Estero,43.4671668246836,2.3567069459884413,True,2020-T2
2020,3,Santiago Del Estero,43.3759313169191,-0.2098952253605175,False,2020-T3
2020,4,Santiago Del Estero,43.7492566206899,0.8606738632149666,False,2020-T4
2021,1,Santiago Del Estero,45.6730828236546,4.397391753748997,True,2021-T1
2021,2,Santiago Del Estero,46.5572753649211,1.935916050774134,False,2021-T2
2021,3,Santiago Del Estero,47.0,0.9509247085633308,False,2021-T3
2021,4,Santiago Del Estero,47.0459491943867,0.09776424337595904,False,2021-T4
2022,1,Santiago Del Estero,47.1727383932405,0.26950077748442486,False,2022-T1
2022,2,Santiago Del Estero,47.7,1.1177252470784165,False,2022-T2
2022,3,Santiago Del Estero,47.98,0.5870020964360462,False,2022-T3
2022,4,Santiago Del Estero,48.05,0.14589412255106354,False,2022-T4
2023,1,Santiago Del Estero,47.55,-1.040582726326743,False,2023-T1
2023,2,Santiago Del Estero,47.14,-0.8622502628811707,False,2023-T2
2023,3,Santiago Del Estero,48.67,3.2456512515910076,True,2023-T3
2023,4,Santiago Del Estero,49.08,0.8424080542428529,False,2023-T4
2024,1,Santiago Del Estero,49.41,0.6723716381418058,False,2024-T1
2024,2,Santiago Del Estero,49.67,0.5262092693786787,False,2024-T2
2014,2,Tierra Del Fuego,64.3560451715994,,False,2014-T2
2014,3,Tierra Del Fuego,65.6861020447619,2.0667162962174226,True,2014-T3
2014,4,Tierra Del Fuego,66.1378194733832,0.6876910252848983,False,2014-T4
2015,1,Tierra Del Fuego,74.2349517001027,12.242817031453752,True,2015-T1
2015,2,Tierra Del Fuego,74.5078743166472,0.3676470588235433,False,2015-T2
2015,3,Tierra Del Fuego,74.8584578403385,0.4705321778492454,False,2015-T3
2015,4,Tierra Del Fuego,66.4622043362379,-11.216172155200562,False,2015-T4
2016,1,Tierra Del Fuego,65.8330416313501,-0.9466473632213834,False,2016-T1
2016,2,Tierra Del Fuego,67.7182428825529,2.8636095256839185,True,2016-T2
2016,3,Tierra Del Fuego,68.9404924910074,1.804904493127963,False,2016-T3
2016,4,Tierra Del Fuego,70.3052659053947,1.979639780736005,False,2016-T4
2017,1,Tierra Del Fuego,68.9197485128813,-1.9707163818679085,False,2017-T1
2017,2,Tierra Del Fuego,68.4632207595576,-0.6624048450182195,False,2017-T2
2017,3,Tierra Del Fuego,65.7418047343459,-3.975004381942958,False,2017-T3
2017,4,Tierra Del Fuego,59.8941359626362,-8.894901494322184,False,2017-T4
2018,1,Tierra Del Fuego,65.1996370235935,8.85813106022104,True,2018-T1
2018,2,Tierra Del Fuego,91.6051962953856,40.49954950245634,True,2018-T2
2018,3,Tierra Del Fuego,92.7719183939406,1.2736418300909964,False,2018-T3
2018,4,Tierra Del Fuego,93.5925708620794,0.8845914608061013,False,2018-T4
2019,1,Tierra Del Fuego,93.3758192272124,-0.23159064108454303,False,2019-T1
2019,2,Tierra Del Fuego,94.7980342802349,1.5231085143808019,False,2019-T2
2019,3,Tierra Del Fuego,96.4621096309238,1.7553901442404263,False,2019-T3
2019,4,Tierra Del Fuego,79.6953613637709,-17.381693528479317,False,2019-T4
2020,1,Tierra Del Fuego,76.0696497901879,-4.549463747373425,False,2020-T1
2020,2,Tierra Del Fuego,76.3694826074247,0.39415564297165956,False,2020-T2
2020,3,Tierra Del Fuego,76.809095839467,0.5756399245260376,False,2020-T3
2020,4,Tierra Del Fuego,76.265834969774,-0.7072871562352845,False,2020-T4
2021,1,Tierra Del Fuego,77.3493560917737,1.4207162649292708,False,2021-T1
2021,2,Tierra Del Fuego,67.8858077522918,-12.234812049700276,False,2021-T2
2021,3,Tierra Del Fuego,94.9538682598503,39.87292985645397,True,2021-T3
2021,4,Tierra Del Fuego,98.4006164486543,3.629918666790545,True,2021-T4
2022,1,Tierra Del Fuego,98.2905503867279,-0.11185505324942359,False,2022-T1
2022,2,Tierra Del Fuego,99.86,1.596745167360483,False,2022-T2
2022,3,Tierra Del Fuego,99.51,-0.35049068696174074,False,2022-T3
2022,4,Tierra Del Fuego,101.44,1.9395035674806476,False,2022-T4
2023,1,Tierra Del Fuego,104.23,2.7503943217665676,True,2023-T1
2023,2,Tierra Del Fuego,106.38,2.062745850522874,True,2023-T2
2023,3,Tierra Del Fuego,105.95,-0.4042113179168948,False,2023-T3
2023,4,Tierra Del Fuego,110.49,4.285040113260965,True,2023-T4
2024,1,Tierra Del Fuego,109.78,-0.6425920897818751,False,2024-T1
2024,2,Tierra Del Fuego,108.89,-0.8107123337584266,False,2024-T2
2014,2,Tucumán,33.9445268856823,,False,2014-T2
2014,3,Tucumán,33.9437558222181,-0.002271539876800465,False,2014-T3
2014,4,Tucumán,35.3208751693282,4.057062377901898,True,2014-T4
2015,1,Tucumán,35.0786068853898,-0.68590679811007,False,2015-T1
2015,2,Tucumán,35.6877056091873,1.736382307848101,False,2015-T2
2015,3,Tucumán,36.6103595277426,2.5853551042457066,True,2015-T3
2015,4,Tucumán,37.0621732832959,1.234114500325845,False,2015-T4
2016,1,Tucumán,36.7247713663659,-0.9103673288421732,False,2016-T1
2016,2,Tucumán,37.2356828933842,1.391190490803751,False,2016-T2
2016,3,Tucumán,37.8973634102384,1.777006530936379,False,2016-T3
2016,4,Tucumán,37.9807622036193,0.22006489601429677,False,2016-T4
2017,1,Tucumán,37.900160758941,-0.2122165012018117,False,2017-T1
2017,2,Tucumán,38.1862336563929,0.7548065541764616,False,2017-T2
2017,3,Tucumán,39.6953791612326,3.9520669108644846,True,2017-T3
2017,4,Tucumán,39.8968735176797,0.5076015412995062,False,2017-T4
2018,1,Tucumán,41.1760093888662,3.206105537617296,True,2018-T1
2018,2,Tucumán,41.5125631700174,0.8173540519014095,False,2018-T2
2018,3,Tucumán,41.6810135952876,0.4057817981036285,False,2018-T3
2018,4,Tucumán,41.7579696387777,0.1846309310932882,False,2018-T4
2019,1,Tucumán,41.6307444313476,-0.30467287689187755,False,2019-T1
2019,2,Tucumán,40.1360462142088,-3.590371100866765,False,2019-T2
2019,3,Tucumán,39.4876002040168,-1.6156200506925775,False,2019-T3
2019,4,Tucumán,47.6490201252129,20.668310758388134,True,2019-T4
2020,1,Tucumán,47.8479232585003,0.4174338375998521,False,2020-T1
2020,2,Tucumán,51.7807409103048,8.219411385019356,True,2020-T2
2020,3,Tucumán,53.2281495112899,2.7952643696086104,True,2020-T3
2020,4,Tucumán,54.7834044136996,2.9218654352803015,True,2020-T4
2021,1,Tucumán,54.8189225412539,0.06483373557086851,False,2021-T1
2021,2,Tucumán,54.928196510348,0.19933622192568728,False,2021-T2
2021,3,Tucumán,54.636044861008,-0.5318791948411419,False,2021-T3
2021,4,Tucumán,55.9259910242439,2.360980130456862,True,2021-T4
2022,1,Tucumán,57.3900322723119,2.6178190520277744,True,2022-T1
2022,2,Tucumán,59.31,3.345472465633028,True,2022-T2
2022,3,Tucumán,61.14,3.0854830551340386,True,2022-T3
2022,4,Tucumán,61.04,-0.1635590448151806,False,2022-T4
2023,1,Tucumán,60.34,-1.146788990825681,False,2023-T1
2023,2,Tucumán,60.75,0.6794829300629708,False,2023-T2
2023,3,Tucumán,61.26,0.8395061728395029,False,2023-T3
2023,4,Tucumán,61.04,-0.3591250408096619,False,2023-T4
2024,1,Tucumán,60.48,-0.9174311926605542,False,2024-T1
2024,2,Tucumán,60.84,0.595238095238106,False,2024-T2
